{
  "type": "FeatureCollection",
  "features": [
    {
      "type": "Feature",
      "properties": {
        "way_index": 0,
        "extra_fields": [
          [
            10.51
          ],
          [
            -16.55
          ],
          [
            136.9
          ],
          [
            122.04
          ],
          [
            -16.39
          ],
          [
            21.39
          ],
          [
            6.07
          ],
          [
            6.81
          ],
          [
            -6.77
          ],
          [
            1.88
          ],
          [
            10.51
          ],
          [
            1.83
          ],
          [
            2.95
          ],
          [
            4.27
          ],
          [
            3.15
          ],
          [
            -113.29
          ],
          [
            -160.88
          ],
          [
            -265.69
          ],
          [
            -306.9
          ],
          [
            -41.93
          ],
          [
            158.15
          ],
          [
            107.32
          ],
          [
            14.7
          ],
          [
            20.59
          ],
          [
            3.87
          ],
          [
            5.09
          ],
          [
            3.14
          ],
          [
            2.2
          ],
          [
            6.47
          ],
          [
            4.27
          ],
          [
            2.24
          ],
          [
            6.22
          ],
          [
            3.98
          ],
          [
            0.0
          ],
          [
            3.24
          ],
          [
            6.47
          ]
        ]
      },
      "geometry": {
        "type": "LineString",
        "coordinates": [
          [
            8.638222,
            46.830412,
            459.0
          ],
          [
            8.637965,
            46.830804,
            458.5
          ],
          [
            8.635828,
            46.83357,
            473.6
          ],
          [
            8.63576,
            46.834027,
            457.5
          ],
          [
            8.635652,
            46.834743,
            463.3
          ],
          [
            8.63596,
            46.836254,
            456.5
          ],
          [
            8.636322,
            46.838276,
            456.0
          ],
          [
            8.636403,
            46.838728,
            455.5
          ],
          [
            8.636349,
            46.839949,
            455.0
          ],
          [
            8.635984,
            46.840983,
            457.0
          ],
          [
            8.635337,
            46.841977,
            454.5
          ],
          [
            8.635232,
            46.842138,
            454.5
          ],
          [
            8.634318,
            46.843204,
            454.0
          ],
          [
            8.632629,
            46.844849,
            453.5
          ],
          [
            8.632105,
            46.84547,
            453.0
          ],
          [
            8.631669,
            46.846065,
            453.0
          ],
          [
            8.631208,
            46.846775,
            472.5
          ],
          [
            8.63112,
            46.846952,
            474.5
          ],
          [
            8.631049,
            46.847207,
            486.9
          ],
          [
            8.631018,
            46.847844,
            499.5
          ],
          [
            8.631071,
            46.848073,
            497.0
          ],
          [
            8.631733,
            46.849866,
            451.5
          ],
          [
            8.632129,
            46.851764,
            453.2
          ],
          [
            8.632313,
            46.8524,
            450.5
          ],
          [
            8.633143,
            46.854685,
            449.5
          ],
          [
            8.633697,
            46.856974,
            448.5
          ],
          [
            8.633777,
            46.857692,
            448.0
          ],
          [
            8.634054,
            46.858376,
            448.0
          ],
          [
            8.634799,
            46.859266,
            447.5
          ],
          [
            8.634995,
            46.859778,
            447.0
          ],
          [
            8.635035,
            46.860281,
            447.0
          ],
          [
            8.635002,
            46.861289,
            446.5
          ],
          [
            8.634787,
            46.861837,
            446.0
          ],
          [
            8.634345,
            46.862339,
            446.0
          ],
          [
            8.634149,
            46.86253,
            446.0
          ],
          [
            8.632711,
            46.863515,
            445.0
          ]
        ]
      }
    },
    {
      "type": "Feature",
      "properties": {
        "way_index": 1,
        "extra_fields": [
          [
            78.36
          ],
          [
            19.29
          ],
          [
            -42.7
          ],
          [
            14.9
          ],
          [
            63.37
          ],
          [
            16.51
          ],
          [
            6.92
          ],
          [
            54.58
          ],
          [
            68.47
          ],
          [
            40.2
          ],
          [
            10.73
          ],
          [
            2.16
          ],
          [
            9.55
          ],
          [
            -11.64
          ],
          [
            -13.4
          ],
          [
            -3.79
          ],
          [
            5.97
          ],
          [
            23.39
          ],
          [
            9.63
          ],
          [
            9.96
          ],
          [
            11.45
          ],
          [
            18.48
          ],
          [
            20.04
          ],
          [
            7.98
          ],
          [
            3.81
          ],
          [
            28.64
          ],
          [
            29.24
          ],
          [
            5.23
          ],
          [
            4.62
          ],
          [
            1.21
          ],
          [
            0.61
          ],
          [
            1.59
          ],
          [
            5.42
          ],
          [
            6.67
          ],
          [
            12.9
          ],
          [
            9.03
          ],
          [
            -0.9
          ],
          [
            1.31
          ],
          [
            1.61
          ],
          [
            4.85
          ],
          [
            6.56
          ],
          [
            2.54
          ],
          [
            2.9
          ],
          [
            4.97
          ],
          [
            4.37
          ],
          [
            6.54
          ],
          [
            5.84
          ],
          [
            -1.73
          ],
          [
            -14.6
          ],
          [
            45.35
          ],
          [
            59.15
          ],
          [
            -1.3
          ],
          [
            5.6
          ],
          [
            13.69
          ],
          [
            8.68
          ],
          [
            8.23
          ],
          [
            5.98
          ],
          [
            5.57
          ],
          [
            7.28
          ],
          [
            7.39
          ],
          [
            3.51
          ],
          [
            0.0
          ],
          [
            5.62
          ],
          [
            10.23
          ],
          [
            7.3
          ],
          [
            4.55
          ],
          [
            5.17
          ],
          [
            6.07
          ],
          [
            5.36
          ],
          [
            5.82
          ],
          [
            6.26
          ],
          [
            7.77
          ],
          [
            4.71
          ],
          [
            -4.01
          ],
          [
            14.86
          ],
          [
            23.65
          ],
          [
            4.79
          ],
          [
            7.17
          ],
          [
            7.17
          ],
          [
            3.55
          ],
          [
            5.58
          ],
          [
            5.28
          ],
          [
            6.25
          ],
          [
            5.94
          ],
          [
            5.53
          ],
          [
            4.71
          ],
          [
            5.54
          ],
          [
            6.17
          ],
          [
            5.98
          ],
          [
            -13.59
          ],
          [
            -16.81
          ],
          [
            23.7
          ],
          [
            -9.06
          ],
          [
            -33.13
          ],
          [
            50.88
          ],
          [
            102.48
          ]
        ]
      },
      "geometry": {
        "type": "LineString",
        "coordinates": [
          [
            8.667763,
            46.766849,
            528.5
          ],
          [
            8.668292,
            46.767059,
            524.8
          ],
          [
            8.66862,
            46.767207,
            526.0
          ],
          [
            8.669222,
            46.767707,
            529.3
          ],
          [
            8.669503,
            46.767986,
            526.4
          ],
          [
            8.669889,
            46.768531,
            523.0
          ],
          [
            8.670014,
            46.76881,
            523.6
          ],
          [
            8.670064,
            46.769058,
            522.7
          ],
          [
            8.670049,
            46.769356,
            520.2
          ],
          [
            8.669962,
            46.769944,
            516.2
          ],
          [
            8.669694,
            46.770993,
            513.8
          ],
          [
            8.669319,
            46.77207,
            513.7
          ],
          [
            8.669206,
            46.7723,
            513.6
          ],
          [
            8.6691,
            46.772456,
            513.3
          ],
          [
            8.668995,
            46.772583,
            514.0
          ],
          [
            8.668209,
            46.773219,
            512.8
          ],
          [
            8.66759,
            46.773689,
            514.2
          ],
          [
            8.666892,
            46.774271,
            511.6
          ],
          [
            8.66657,
            46.774745,
            510.7
          ],
          [
            8.666242,
            46.775183,
            510.5
          ],
          [
            8.666077,
            46.776005,
            509.0
          ],
          [
            8.666018,
            46.777208,
            508.1
          ],
          [
            8.666106,
            46.778483,
            503.9
          ],
          [
            8.666253,
            46.779158,
            503.1
          ],
          [
            8.666693,
            46.779832,
            502.6
          ],
          [
            8.6675,
            46.780816,
            502.4
          ],
          [
            8.66777,
            46.781224,
            499.6
          ],
          [
            8.668044,
            46.781663,
            499.5
          ],
          [
            8.668322,
            46.782205,
            499.0
          ],
          [
            8.668356,
            46.782701,
            498.9
          ],
          [
            8.668259,
            46.783357,
            498.9
          ],
          [
            8.668047,
            46.784129,
            498.8
          ],
          [
            8.667986,
            46.784353,
            498.7
          ],
          [
            8.667555,
            46.785534,
            497.6
          ],
          [
            8.667191,
            46.786694,
            497.0
          ],
          [
            8.666223,
            46.787926,
            493.7
          ],
          [
            8.665862,
            46.788609,
            493.9
          ],
          [
            8.665862,
            46.789208,
            493.9
          ],
          [
            8.666355,
            46.790433,
            493.6
          ],
          [
            8.666415,
            46.790868,
            493.6
          ],
          [
            8.666432,
            46.791374,
            493.1
          ],
          [
            8.666379,
            46.791692,
            492.9
          ],
          [
            8.666363,
            46.791791,
            492.9
          ],
          [
            8.666268,
            46.792222,
            492.7
          ],
          [
            8.666033,
            46.792721,
            492.4
          ],
          [
            8.665616,
            46.794325,
            491.6
          ],
          [
            8.664646,
            46.798908,
            487.2
          ],
          [
            8.664464,
            46.799715,
            487.0
          ],
          [
            8.664329,
            46.800138,
            487.3
          ],
          [
            8.664102,
            46.800455,
            488.2
          ],
          [
            8.663759,
            46.80084,
            482.5
          ],
          [
            8.662325,
            46.802331,
            481.5
          ],
          [
            8.661716,
            46.803002,
            482.2
          ],
          [
            8.661238,
            46.803732,
            480.5
          ],
          [
            8.66107,
            46.80425,
            480.0
          ],
          [
            8.661036,
            46.804761,
            479.5
          ],
          [
            8.661257,
            46.805334,
            479.0
          ],
          [
            8.662146,
            46.807333,
            478.0
          ],
          [
            8.662264,
            46.807992,
            477.5
          ],
          [
            8.662112,
            46.808566,
            477.0
          ],
          [
            8.661735,
            46.809155,
            476.5
          ],
          [
            8.661331,
            46.809594,
            476.5
          ],
          [
            8.661262,
            46.80966,
            476.5
          ],
          [
            8.660902,
            46.809976,
            476.0
          ],
          [
            8.660374,
            46.810306,
            475.5
          ],
          [
            8.659508,
            46.810894,
            475.0
          ],
          [
            8.658205,
            46.811728,
            474.5
          ],
          [
            8.657162,
            46.812882,
            473.5
          ],
          [
            8.655775,
            46.814225,
            472.5
          ],
          [
            8.653863,
            46.815345,
            471.5
          ],
          [
            8.652311,
            46.816265,
            470.5
          ],
          [
            8.6514,
            46.816656,
            470.0
          ],
          [
            8.650792,
            46.816889,
            469.5
          ],
          [
            8.650187,
            46.816988,
            469.5
          ],
          [
            8.648081,
            46.817098,
            470.8
          ],
          [
            8.64711,
            46.817114,
            468.0
          ],
          [
            8.646489,
            46.817313,
            467.5
          ],
          [
            8.646097,
            46.817607,
            467.5
          ],
          [
            8.645924,
            46.817899,
            467.0
          ],
          [
            8.645899,
            46.818238,
            467.0
          ],
          [
            8.646153,
            46.8195,
            466.0
          ],
          [
            8.64623,
            46.820615,
            465.5
          ],
          [
            8.646144,
            46.821308,
            465.0
          ],
          [
            8.645724,
            46.822788,
            464.0
          ],
          [
            8.645265,
            46.823488,
            463.5
          ],
          [
            8.644696,
            46.82427,
            463.0
          ],
          [
            8.643775,
            46.825125,
            462.5
          ],
          [
            8.642351,
            46.826012,
            461.5
          ],
          [
            8.641312,
            46.826415,
            461.0
          ],
          [
            8.639728,
            46.827295,
            460.0
          ],
          [
            8.639141,
            46.827715,
            462.2
          ],
          [
            8.638849,
            46.828079,
            462.2
          ],
          [
            8.638761,
            46.828585,
            459.5
          ],
          [
            8.638702,
            46.829166,
            463.7
          ],
          [
            8.638463,
            46.830023,
            463.8
          ],
          [
            8.638222,
            46.830412,
            459.0
          ]
        ]
      }
    },
    {
      "type": "Feature",
      "properties": {
        "way_index": 2,
        "extra_fields": [
          [
            0.0
          ],
          [
            0.0
          ],
          [
            1.92
          ],
          [
            3.87
          ],
          [
            1.95
          ],
          [
            0.0
          ],
          [
            0.0
          ],
          [
            0.0
          ],
          [
            0.0
          ],
          [
            2.31
          ],
          [
            2.31
          ],
          [
            4.07
          ],
          [
            4.07
          ],
          [
            0.0
          ],
          [
            0.0
          ],
          [
            1.51
          ],
          [
            1.51
          ],
          [
            0.0
          ],
          [
            0.0
          ]
        ]
      },
      "geometry": {
        "type": "LineString",
        "coordinates": [
          [
            8.309109,
            47.051842,
            433.5
          ],
          [
            8.308908,
            47.051814,
            433.5
          ],
          [
            8.308109,
            47.051616,
            433.5
          ],
          [
            8.306443,
            47.051334,
            433.0
          ],
          [
            8.304765,
            47.0512,
            432.5
          ],
          [
            8.304321,
            47.051171,
            432.5
          ],
          [
            8.303936,
            47.051146,
            432.5
          ],
          [
            8.303802,
            47.051143,
            432.5
          ],
          [
            8.303247,
            47.051156,
            432.5
          ],
          [
            8.302782,
            47.051269,
            432.5
          ],
          [
            8.301571,
            47.051787,
            432.0
          ],
          [
            8.30068,
            47.052344,
            432.0
          ],
          [
            8.300029,
            47.052675,
            431.5
          ],
          [
            8.299443,
            47.052948,
            431.5
          ],
          [
            8.299058,
            47.053192,
            431.5
          ],
          [
            8.298785,
            47.053357,
            431.5
          ],
          [
            8.29727,
            47.054438,
            431.0
          ],
          [
            8.297,
            47.054547,
            431.0
          ],
          [
            8.296715,
            47.054634,
            431.0
          ]
        ]
      }
    },
    {
      "type": "Feature",
      "properties": {
        "way_index": 3,
        "extra_fields": [
          [
            0.0
          ],
          [
            0.0
          ],
          [
            0.0
          ],
          [
            3.04
          ],
          [
            3.04
          ],
          [
            0.0
          ]
        ]
      },
      "geometry": {
        "type": "LineString",
        "coordinates": [
          [
            8.287035,
            47.059872,
            431.0
          ],
          [
            8.286787,
            47.061504,
            431.0
          ],
          [
            8.285443,
            47.063708,
            431.0
          ],
          [
            8.285194,
            47.064386,
            431.0
          ],
          [
            8.285374,
            47.065118,
            430.5
          ],
          [
            8.286271,
            47.065785,
            430.5
          ]
        ]
      }
    },
    {
      "type": "Feature",
      "properties": {
        "way_index": 4,
        "extra_fields": [
          [
            194.03
          ],
          [
            178.0
          ],
          [
            118.54
          ],
          [
            102.75
          ],
          [
            86.02
          ],
          [
            67.88
          ],
          [
            22.13
          ],
          [
            -19.44
          ],
          [
            50.01
          ],
          [
            84.85
          ],
          [
            35.96
          ],
          [
            90.93
          ],
          [
            95.3
          ],
          [
            48.85
          ],
          [
            46.32
          ],
          [
            12.95
          ],
          [
            27.57
          ],
          [
            -37.82
          ],
          [
            51.32
          ],
          [
            140.65
          ],
          [
            42.17
          ],
          [
            24.7
          ],
          [
            83.85
          ],
          [
            61.91
          ],
          [
            9.37
          ],
          [
            45.42
          ],
          [
            43.24
          ],
          [
            7.19
          ],
          [
            -12.01
          ],
          [
            -6.45
          ],
          [
            71.45
          ],
          [
            82.68
          ],
          [
            20.08
          ],
          [
            15.62
          ],
          [
            -0.27
          ],
          [
            28.25
          ],
          [
            9.71
          ],
          [
            25.25
          ],
          [
            170.89
          ],
          [
            115.37
          ],
          [
            -33.18
          ],
          [
            -8.47
          ],
          [
            107.08
          ],
          [
            95.04
          ],
          [
            11.65
          ],
          [
            15.31
          ],
          [
            113.44
          ],
          [
            124.5
          ],
          [
            83.9
          ],
          [
            112.16
          ],
          [
            43.53
          ],
          [
            28.63
          ],
          [
            43.82
          ],
          [
            2.19
          ],
          [
            1.58
          ],
          [
            -22.45
          ],
          [
            11.09
          ],
          [
            55.46
          ],
          [
            58.63
          ],
          [
            97.45
          ],
          [
            65.92
          ],
          [
            25.08
          ],
          [
            62.1
          ],
          [
            -105.35
          ],
          [
            112.19
          ],
          [
            308.37
          ],
          [
            43.82
          ],
          [
            8.2
          ],
          [
            11.9
          ],
          [
            1.29
          ],
          [
            1.63
          ],
          [
            2.67
          ],
          [
            -1.13
          ],
          [
            -2.98
          ],
          [
            -0.37
          ],
          [
            44.35
          ],
          [
            56.5
          ],
          [
            9.3
          ],
          [
            114.41
          ],
          [
            162.39
          ],
          [
            5.53
          ],
          [
            -9.65
          ],
          [
            159.98
          ],
          [
            183.31
          ],
          [
            92.09
          ],
          [
            68.33
          ],
          [
            30.51
          ],
          [
            10.9
          ],
          [
            14.17
          ],
          [
            -20.07
          ],
          [
            -23.46
          ],
          [
            17.48
          ],
          [
            41.86
          ],
          [
            77.09
          ],
          [
            38.29
          ],
          [
            -77.65
          ],
          [
            19.16
          ],
          [
            112.28
          ],
          [
            30.92
          ],
          [
            9.72
          ],
          [
            67.53
          ],
          [
            82.59
          ],
          [
            -11.23
          ],
          [
            -40.86
          ],
          [
            13.01
          ],
          [
            19.39
          ],
          [
            36.33
          ],
          [
            21.27
          ],
          [
            97.61
          ],
          [
            144.2
          ],
          [
            39.29
          ],
          [
            -3.4
          ],
          [
            -2.84
          ],
          [
            9.9
          ],
          [
            2.91
          ],
          [
            2.7
          ],
          [
            2.06
          ],
          [
            1.4
          ]
        ]
      },
      "geometry": {
        "type": "LineString",
        "coordinates": [
          [
            8.592529,
            46.667563,
            1079.2
          ],
          [
            8.59259,
            46.667829,
            1073.5
          ],
          [
            8.592666,
            46.668155,
            1067.6
          ],
          [
            8.592878,
            46.668546,
            1064.1
          ],
          [
            8.593168,
            46.668814,
            1059.3
          ],
          [
            8.593594,
            46.668982,
            1057.7
          ],
          [
            8.594514,
            46.669095,
            1051.0
          ],
          [
            8.594929,
            46.669176,
            1052.6
          ],
          [
            8.595217,
            46.669308,
            1052.3
          ],
          [
            8.595375,
            46.669813,
            1047.2
          ],
          [
            8.595312,
            46.670183,
            1043.9
          ],
          [
            8.595072,
            46.670381,
            1044.2
          ],
          [
            8.594443,
            46.670597,
            1033.9
          ],
          [
            8.594338,
            46.670682,
            1033.9
          ],
          [
            8.594225,
            46.671355,
            1026.6
          ],
          [
            8.594017,
            46.672002,
            1027.0
          ],
          [
            8.594411,
            46.673342,
            1022.3
          ],
          [
            8.594688,
            46.674375,
            1019.5
          ],
          [
            8.594505,
            46.675058,
            1027.2
          ],
          [
            8.594851,
            46.675671,
            1012.4
          ],
          [
            8.594802,
            46.676411,
            1006.0
          ],
          [
            8.594311,
            46.677103,
            1005.5
          ],
          [
            8.594004,
            46.677754,
            1002.2
          ],
          [
            8.593978,
            46.678205,
            996.0
          ],
          [
            8.593973,
            46.678304,
            996.0
          ],
          [
            8.594354,
            46.679162,
            994.1
          ],
          [
            8.594544,
            46.679773,
            989.2
          ],
          [
            8.594519,
            46.680295,
            988.3
          ],
          [
            8.594485,
            46.680411,
            988.3
          ],
          [
            8.594527,
            46.680703,
            989.1
          ],
          [
            8.594711,
            46.68108,
            988.6
          ],
          [
            8.594603,
            46.681545,
            981.8
          ],
          [
            8.594352,
            46.681919,
            980.2
          ],
          [
            8.594195,
            46.682639,
            979.7
          ],
          [
            8.593576,
            46.683244,
            977.7
          ],
          [
            8.593155,
            46.683472,
            978.7
          ],
          [
            8.592927,
            46.683661,
            976.5
          ],
          [
            8.592792,
            46.683959,
            978.6
          ],
          [
            8.592807,
            46.684187,
            975.8
          ],
          [
            8.592927,
            46.684397,
            970.1
          ],
          [
            8.59318,
            46.684827,
            970.0
          ],
          [
            8.593131,
            46.685248,
            973.2
          ],
          [
            8.593225,
            46.685613,
            971.0
          ],
          [
            8.593338,
            46.685887,
            965.9
          ],
          [
            8.593654,
            46.686436,
            964.2
          ],
          [
            8.593394,
            46.686718,
            964.3
          ],
          [
            8.593044,
            46.68685,
            963.2
          ],
          [
            8.592689,
            46.687252,
            953.2
          ],
          [
            8.592706,
            46.687576,
            951.2
          ],
          [
            8.59289,
            46.68823,
            943.0
          ],
          [
            8.592978,
            46.688352,
            941.3
          ],
          [
            8.593196,
            46.688673,
            942.3
          ],
          [
            8.593733,
            46.68914,
            936.8
          ],
          [
            8.593898,
            46.689383,
            936.7
          ],
          [
            8.593911,
            46.689557,
            936.7
          ],
          [
            8.593801,
            46.689861,
            936.6
          ],
          [
            8.593876,
            46.690146,
            938.1
          ],
          [
            8.594171,
            46.690539,
            934.7
          ],
          [
            8.594382,
            46.691086,
            932.2
          ],
          [
            8.594495,
            46.69151,
            928.5
          ],
          [
            8.594485,
            46.691626,
            927.0
          ],
          [
            8.594466,
            46.691832,
            926.7
          ],
          [
            8.59434,
            46.692175,
            925.3
          ],
          [
            8.593792,
            46.692826,
            918.0
          ],
          [
            8.593709,
            46.693006,
            924.2
          ],
          [
            8.593755,
            46.693118,
            917.5
          ],
          [
            8.594344,
            46.693548,
            911.3
          ],
          [
            8.594913,
            46.693949,
            911.7
          ],
          [
            8.594973,
            46.694147,
            911.2
          ],
          [
            8.594971,
            46.694527,
            911.2
          ],
          [
            8.594994,
            46.694749,
            911.1
          ],
          [
            8.595156,
            46.694939,
            911.1
          ],
          [
            8.595704,
            46.69545,
            910.8
          ],
          [
            8.595912,
            46.695751,
            911.0
          ],
          [
            8.59609,
            46.696143,
            911.0
          ],
          [
            8.596281,
            46.696347,
            911.1
          ],
          [
            8.596689,
            46.696658,
            906.9
          ],
          [
            8.597022,
            46.697219,
            905.3
          ],
          [
            8.597258,
            46.697438,
            905.5
          ],
          [
            8.597523,
            46.697557,
            899.8
          ],
          [
            8.598545,
            46.697693,
            892.6
          ],
          [
            8.599277,
            46.698049,
            898.0
          ],
          [
            8.599385,
            46.698385,
            895.7
          ],
          [
            8.599264,
            46.698672,
            887.2
          ],
          [
            8.59847,
            46.699395,
            876.4
          ],
          [
            8.598306,
            46.699827,
            872.6
          ],
          [
            8.598373,
            46.700214,
            870.0
          ],
          [
            8.598828,
            46.7006,
            870.0
          ],
          [
            8.599363,
            46.701054,
            868.6
          ],
          [
            8.600005,
            46.702061,
            867.7
          ],
          [
            8.600182,
            46.702174,
            868.6
          ],
          [
            8.600696,
            46.702564,
            868.5
          ],
          [
            8.60158,
            46.703043,
            865.6
          ],
          [
            8.601999,
            46.703411,
            863.0
          ],
          [
            8.602077,
            46.703647,
            860.2
          ],
          [
            8.602172,
            46.70381,
            860.8
          ],
          [
            8.602405,
            46.703941,
            863.7
          ],
          [
            8.602546,
            46.704199,
            858.6
          ],
          [
            8.602775,
            46.704676,
            855.4
          ],
          [
            8.603047,
            46.704861,
            855.3
          ],
          [
            8.603763,
            46.705328,
            854.1
          ],
          [
            8.603894,
            46.706068,
            844.3
          ],
          [
            8.604157,
            46.706557,
            841.6
          ],
          [
            8.604481,
            46.70683,
            844.3
          ],
          [
            8.604681,
            46.706962,
            844.5
          ],
          [
            8.605158,
            46.707383,
            842.3
          ],
          [
            8.605151,
            46.707618,
            842.3
          ],
          [
            8.605032,
            46.707971,
            839.3
          ],
          [
            8.604558,
            46.708656,
            841.9
          ],
          [
            8.604793,
            46.709006,
            832.3
          ],
          [
            8.605978,
            46.710035,
            823.1
          ],
          [
            8.606564,
            46.710386,
            822.2
          ],
          [
            8.607111,
            46.710793,
            823.6
          ],
          [
            8.607592,
            46.71136,
            822.3
          ],
          [
            8.607651,
            46.711497,
            822.3
          ],
          [
            8.607807,
            46.711671,
            822.2
          ],
          [
            8.608056,
            46.711913,
            822.2
          ],
          [
            8.608339,
            46.712172,
            822.1
          ]
        ]
      }
    },
    {
      "type": "Feature",
      "properties": {
        "way_index": 5,
        "extra_fields": [
          [
            -26.05
          ],
          [
            -13.02
          ],
          [
            0.0
          ]
        ]
      },
      "geometry": {
        "type": "LineString",
        "coordinates": [
          [
            8.610764,
            46.715046,
            810.2
          ],
          [
            8.610704,
            46.715457,
            811.4
          ],
          [
            8.610782,
            46.715677,
            811.4
          ]
        ]
      }
    },
    {
      "type": "Feature",
      "properties": {
        "way_index": 6,
        "extra_fields": [
          [
            7.01
          ],
          [
            4.71
          ],
          [
            4.17
          ],
          [
            6.45
          ],
          [
            3.95
          ],
          [
            2.22
          ],
          [
            6.12
          ],
          [
            9.6
          ],
          [
            5.22
          ],
          [
            -9.15
          ],
          [
            -9.15
          ],
          [
            -16.26
          ],
          [
            -16.26
          ],
          [
            0.0
          ],
          [
            0.0
          ],
          [
            -48.58
          ],
          [
            -34.19
          ],
          [
            16.19
          ],
          [
            1.81
          ],
          [
            -26.75
          ],
          [
            -26.75
          ],
          [
            -43.7
          ],
          [
            -43.7
          ],
          [
            0.0
          ],
          [
            0.0
          ],
          [
            -117.36
          ],
          [
            -117.36
          ],
          [
            -6.22
          ],
          [
            -55.13
          ],
          [
            27.53
          ],
          [
            76.44
          ],
          [
            0.0
          ],
          [
            0.0
          ],
          [
            0.0
          ],
          [
            85.23
          ],
          [
            79.45
          ],
          [
            -5.78
          ],
          [
            -43.36
          ],
          [
            -43.36
          ],
          [
            0.0
          ],
          [
            -73.58
          ],
          [
            -73.58
          ],
          [
            0.0
          ],
          [
            0.0
          ],
          [
            -973.17
          ],
          [
            -973.17
          ],
          [
            422.75
          ],
          [
            422.75
          ],
          [
            0.0
          ],
          [
            353.67
          ],
          [
            353.67
          ],
          [
            0.0
          ],
          [
            8.03
          ],
          [
            8.03
          ],
          [
            -153.31
          ],
          [
            -153.31
          ],
          [
            0.0
          ],
          [
            0.0
          ],
          [
            -1539.48
          ],
          [
            -1539.48
          ],
          [
            1557.04
          ],
          [
            1435.66
          ],
          [
            -121.37
          ],
          [
            0.0
          ],
          [
            304.77
          ],
          [
            194.88
          ],
          [
            239.04
          ],
          [
            461.03
          ],
          [
            175.03
          ],
          [
            62.94
          ],
          [
            350.87
          ],
          [
            483.65
          ],
          [
            132.78
          ],
          [
            369.75
          ],
          [
            369.75
          ],
          [
            0.0
          ],
          [
            0.0
          ],
          [
            0.0
          ],
          [
            211.91
          ],
          [
            211.91
          ],
          [
            69.48
          ],
          [
            -4.39
          ],
          [
            -73.86
          ],
          [
            208.55
          ],
          [
            259.94
          ],
          [
            193.45
          ],
          [
            370.27
          ],
          [
            232.07
          ],
          [
            77.37
          ],
          [
            73.51
          ],
          [
            177.13
          ],
          [
            234.4
          ],
          [
            -28.08
          ],
          [
            -2.08
          ],
          [
            -45.88
          ],
          [
            53.47
          ],
          [
            253.11
          ],
          [
            72.24
          ],
          [
            126.0
          ],
          [
            438.77
          ],
          [
            434.36
          ],
          [
            -16.44
          ],
          [
            -136.29
          ],
          [
            200.84
          ],
          [
            310.67
          ],
          [
            144.93
          ],
          [
            78.9
          ],
          [
            81.43
          ],
          [
            61.81
          ],
          [
            181.94
          ],
          [
            279.85
          ],
          [
            154.43
          ],
          [
            86.35
          ],
          [
            390.77
          ],
          [
            507.65
          ],
          [
            228.1
          ],
          [
            31.28
          ],
          [
            15.34
          ],
          [
            -142.8
          ],
          [
            -256.83
          ],
          [
            157.5
          ],
          [
            356.48
          ],
          [
            184.1
          ],
          [
            147.33
          ],
          [
            57.51
          ],
          [
            -48.89
          ],
          [
            -56.69
          ],
          [
            -79.5
          ]
        ]
      },
      "geometry": {
        "type": "LineString",
        "coordinates": [
          [
            8.586265,
            46.637895,
            1431.2
          ],
          [
            8.586486,
            46.638601,
            1430.6
          ],
          [
            8.586687,
            46.638949,
            1430.5
          ],
          [
            8.586891,
            46.639253,
            1430.3
          ],
          [
            8.587067,
            46.639467,
            1430.1
          ],
          [
            8.587391,
            46.63978,
            1430.1
          ],
          [
            8.588484,
            46.640627,
            1429.6
          ],
          [
            8.588732,
            46.640848,
            1429.3
          ],
          [
            8.588881,
            46.641008,
            1429.1
          ],
          [
            8.588982,
            46.641157,
            1429.1
          ],
          [
            8.589037,
            46.64131,
            1429.4
          ],
          [
            8.589077,
            46.641494,
            1429.4
          ],
          [
            8.589107,
            46.641824,
            1430.6
          ],
          [
            8.589137,
            46.641919,
            1430.6
          ],
          [
            8.589195,
            46.641998,
            1430.6
          ],
          [
            8.589279,
            46.642057,
            1430.6
          ],
          [
            8.589611,
            46.642191,
            1433.5
          ],
          [
            8.59084,
            46.642649,
            1430.4
          ],
          [
            8.591122,
            46.642762,
            1430.3
          ],
          [
            8.591217,
            46.642813,
            1430.3
          ],
          [
            8.591271,
            46.642852,
            1430.7
          ],
          [
            8.591316,
            46.642897,
            1430.7
          ],
          [
            8.591356,
            46.642949,
            1431.2
          ],
          [
            8.59138,
            46.642998,
            1431.2
          ],
          [
            8.59139,
            46.643038,
            1431.2
          ],
          [
            8.591392,
            46.643121,
            1431.2
          ],
          [
            8.591379,
            46.643208,
            1433.5
          ],
          [
            8.59135,
            46.643315,
            1433.5
          ],
          [
            8.591072,
            46.64441,
            1435.0
          ],
          [
            8.590998,
            46.644733,
            1438.6
          ],
          [
            8.590954,
            46.644894,
            1435.8
          ],
          [
            8.590929,
            46.64497,
            1435.8
          ],
          [
            8.590902,
            46.645038,
            1435.8
          ],
          [
            8.590872,
            46.645091,
            1435.8
          ],
          [
            8.590828,
            46.645135,
            1435.8
          ],
          [
            8.590765,
            46.645179,
            1434.6
          ],
          [
            8.590643,
            46.645236,
            1434.7
          ],
          [
            8.590509,
            46.645301,
            1434.7
          ],
          [
            8.590307,
            46.645423,
            1436.5
          ],
          [
            8.590244,
            46.645477,
            1436.5
          ],
          [
            8.590186,
            46.645541,
            1436.5
          ],
          [
            8.590081,
            46.645698,
            1439.3
          ],
          [
            8.590041,
            46.645736,
            1439.3
          ],
          [
            8.589984,
            46.645775,
            1439.3
          ],
          [
            8.589889,
            46.645829,
            1439.3
          ],
          [
            8.589851,
            46.645868,
            1449.6
          ],
          [
            8.589829,
            46.645919,
            1449.6
          ],
          [
            8.589812,
            46.645978,
            1444.0
          ],
          [
            8.58983,
            46.646089,
            1444.0
          ],
          [
            8.589845,
            46.64613,
            1444.0
          ],
          [
            8.58995,
            46.646283,
            1430.8
          ],
          [
            8.590009,
            46.64642,
            1430.8
          ],
          [
            8.590028,
            46.646506,
            1430.8
          ],
          [
            8.59002,
            46.646669,
            1430.6
          ],
          [
            8.590037,
            46.646776,
            1430.6
          ],
          [
            8.590035,
            46.646821,
            1432.1
          ],
          [
            8.590011,
            46.646855,
            1432.1
          ],
          [
            8.589943,
            46.646901,
            1432.1
          ],
          [
            8.589883,
            46.646945,
            1432.1
          ],
          [
            8.589852,
            46.646989,
            1448.7
          ],
          [
            8.589844,
            46.647029,
            1448.7
          ],
          [
            8.589867,
            46.647074,
            1432.1
          ],
          [
            8.589927,
            46.647162,
            1434.7
          ],
          [
            8.589967,
            46.647224,
            1434.7
          ],
          [
            8.59002,
            46.647266,
            1434.7
          ],
          [
            8.590162,
            46.647349,
            1426.0
          ],
          [
            8.590393,
            46.647397,
            1430.1
          ],
          [
            8.590534,
            46.647446,
            1421.7
          ],
          [
            8.591159,
            46.647589,
            1410.4
          ],
          [
            8.591432,
            46.647678,
            1407.5
          ],
          [
            8.591526,
            46.647724,
            1407.5
          ],
          [
            8.591597,
            46.647795,
            1400.8
          ],
          [
            8.591683,
            46.648044,
            1393.3
          ],
          [
            8.591685,
            46.648108,
            1393.3
          ],
          [
            8.591629,
            46.648198,
            1385.3
          ],
          [
            8.591539,
            46.648288,
            1385.3
          ],
          [
            8.591564,
            46.648343,
            1385.3
          ],
          [
            8.59162,
            46.648364,
            1385.3
          ],
          [
            8.591628,
            46.648412,
            1385.3
          ],
          [
            8.591474,
            46.648492,
            1379.1
          ],
          [
            8.591297,
            46.6487,
            1379.1
          ],
          [
            8.590971,
            46.648918,
            1374.3
          ],
          [
            8.590588,
            46.648852,
            1378.7
          ],
          [
            8.590419,
            46.648998,
            1378.7
          ],
          [
            8.590398,
            46.649306,
            1364.5
          ],
          [
            8.589821,
            46.649434,
            1359.7
          ],
          [
            8.589395,
            46.649662,
            1348.0
          ],
          [
            8.588955,
            46.649894,
            1328.7
          ],
          [
            8.588524,
            46.650121,
            1328.4
          ],
          [
            8.588114,
            46.650342,
            1322.6
          ],
          [
            8.58803,
            46.650388,
            1322.6
          ],
          [
            8.587839,
            46.65044,
            1317.0
          ],
          [
            8.587468,
            46.650312,
            1313.4
          ],
          [
            8.586914,
            46.650131,
            1321.4
          ],
          [
            8.586499,
            46.650173,
            1316.1
          ],
          [
            8.586233,
            46.650367,
            1323.7
          ],
          [
            8.586236,
            46.65049,
            1318.7
          ],
          [
            8.586066,
            46.650823,
            1313.2
          ],
          [
            8.585895,
            46.651194,
            1313.1
          ],
          [
            8.585871,
            46.651457,
            1305.8
          ],
          [
            8.585862,
            46.651558,
            1298.7
          ],
          [
            8.585656,
            46.651842,
            1290.3
          ],
          [
            8.585111,
            46.652094,
            1304.0
          ],
          [
            8.584995,
            46.652244,
            1304.0
          ],
          [
            8.585318,
            46.652542,
            1287.5
          ],
          [
            8.585465,
            46.652821,
            1280.2
          ],
          [
            8.585228,
            46.653233,
            1276.8
          ],
          [
            8.584549,
            46.654119,
            1267.1
          ],
          [
            8.583828,
            46.65506,
            1258.2
          ],
          [
            8.583414,
            46.655723,
            1254.4
          ],
          [
            8.583526,
            46.656284,
            1234.6
          ],
          [
            8.583207,
            46.656891,
            1217.2
          ],
          [
            8.583568,
            46.657054,
            1215.1
          ],
          [
            8.583729,
            46.657484,
            1209.8
          ],
          [
            8.583831,
            46.657579,
            1200.9
          ],
          [
            8.584209,
            46.657864,
            1186.3
          ],
          [
            8.584369,
            46.658777,
            1174.7
          ],
          [
            8.584981,
            46.65933,
            1178.7
          ],
          [
            8.5857,
            46.660081,
            1170.4
          ],
          [
            8.585574,
            46.660322,
            1180.9
          ],
          [
            8.585349,
            46.660575,
            1185.7
          ],
          [
            8.585505,
            46.660858,
            1170.2
          ],
          [
            8.586447,
            46.661614,
            1142.4
          ],
          [
            8.587306,
            46.662043,
            1133.0
          ],
          [
            8.587716,
            46.662338,
            1124.9
          ],
          [
            8.587951,
            46.662649,
            1127.4
          ],
          [
            8.588225,
            46.663191,
            1129.6
          ],
          [
            8.588429,
            46.663368,
            1131.6
          ]
        ]
      }
    },
    {
      "type": "Feature",
      "properties": {
        "way_index": 7,
        "extra_fields": [
          [
            -12.84
          ],
          [
            30.65
          ],
          [
            38.56
          ],
          [
            138.53
          ],
          [
            155.93
          ],
          [
            74.38
          ],
          [
            95.82
          ],
          [
            86.86
          ],
          [
            46.97
          ],
          [
            3.32
          ],
          [
            61.8
          ],
          [
            95.74
          ],
          [
            48.8
          ],
          [
            61.95
          ],
          [
            80.5
          ],
          [
            43.43
          ],
          [
            16.08
          ],
          [
            10.55
          ],
          [
            22.94
          ],
          [
            27.77
          ],
          [
            15.79
          ],
          [
            21.49
          ],
          [
            28.34
          ],
          [
            12.51
          ],
          [
            2.1
          ],
          [
            28.17
          ],
          [
            37.69
          ],
          [
            25.38
          ],
          [
            8.04
          ],
          [
            -16.55
          ],
          [
            41.46
          ],
          [
            62.31
          ],
          [
            30.69
          ],
          [
            67.82
          ],
          [
            40.37
          ],
          [
            -12.75
          ],
          [
            22.12
          ],
          [
            31.36
          ],
          [
            185.5
          ],
          [
            186.66
          ],
          [
            14.21
          ],
          [
            1.74
          ],
          [
            94.06
          ],
          [
            124.88
          ],
          [
            34.1
          ],
          [
            20.73
          ],
          [
            12.89
          ],
          [
            1.31
          ],
          [
            -0.38
          ],
          [
            -0.73
          ],
          [
            -0.3
          ],
          [
            0.59
          ],
          [
            1.8
          ],
          [
            5.88
          ],
          [
            7.31
          ],
          [
            -69.23
          ],
          [
            21.14
          ],
          [
            260.47
          ],
          [
            290.41
          ],
          [
            123.06
          ],
          [
            0.0
          ],
          [
            -64.6
          ],
          [
            -64.6
          ],
          [
            -24.9
          ],
          [
            30.53
          ],
          [
            50.83
          ],
          [
            3.08
          ],
          [
            62.94
          ],
          [
            57.44
          ],
          [
            4.12
          ],
          [
            -4.5
          ],
          [
            225.4
          ],
          [
            304.89
          ],
          [
            109.93
          ],
          [
            209.46
          ],
          [
            187.4
          ],
          [
            15.64
          ],
          [
            1.05
          ],
          [
            0.69
          ],
          [
            0.46
          ],
          [
            0.53
          ],
          [
            0.9
          ],
          [
            0.46
          ],
          [
            0.68
          ],
          [
            3.12
          ],
          [
            -121.8
          ],
          [
            -51.36
          ],
          [
            -9.74
          ],
          [
            -13.02
          ],
          [
            64.72
          ],
          [
            97.19
          ],
          [
            106.86
          ],
          [
            4.7
          ],
          [
            3.08
          ],
          [
            -1.0
          ],
          [
            -4.69
          ],
          [
            -208.4
          ],
          [
            -218.7
          ],
          [
            61.92
          ],
          [
            117.27
          ],
          [
            57.12
          ],
          [
            -41.61
          ],
          [
            19.83
          ],
          [
            80.37
          ],
          [
            -4.21
          ],
          [
            90.96
          ],
          [
            101.62
          ],
          [
            51.89
          ],
          [
            42.49
          ],
          [
            74.91
          ],
          [
            90.23
          ],
          [
            25.24
          ],
          [
            21.04
          ],
          [
            132.89
          ],
          [
            44.64
          ],
          [
            -86.58
          ],
          [
            -0.92
          ],
          [
            -1.2
          ],
          [
            -0.53
          ],
          [
            0.12
          ],
          [
            0.47
          ],
          [
            0.34
          ],
          [
            -1.39
          ],
          [
            -38.86
          ],
          [
            -56.66
          ],
          [
            47.57
          ],
          [
            271.57
          ],
          [
            476.89
          ],
          [
            272.08
          ],
          [
            -189.86
          ],
          [
            -50.72
          ],
          [
            182.86
          ],
          [
            44.05
          ],
          [
            97.68
          ],
          [
            121.79
          ],
          [
            17.99
          ],
          [
            6.84
          ],
          [
            5.37
          ],
          [
            -15.86
          ]
        ]
      },
      "geometry": {
        "type": "LineString",
        "coordinates": [
          [
            8.610782,
            46.715677,
            811.4
          ],
          [
            8.611045,
            46.71581,
            811.8
          ],
          [
            8.612087,
            46.715825,
            805.8
          ],
          [
            8.612452,
            46.715933,
            805.8
          ],
          [
            8.61259,
            46.716196,
            797.3
          ],
          [
            8.612543,
            46.716419,
            796.3
          ],
          [
            8.612233,
            46.717025,
            788.5
          ],
          [
            8.612313,
            46.717272,
            786.2
          ],
          [
            8.613158,
            46.718163,
            775.2
          ],
          [
            8.614346,
            46.718852,
            775.1
          ],
          [
            8.615686,
            46.719431,
            774.4
          ],
          [
            8.616026,
            46.719803,
            768.7
          ],
          [
            8.616238,
            46.720362,
            764.0
          ],
          [
            8.617685,
            46.721901,
            759.2
          ],
          [
            8.617909,
            46.722431,
            753.0
          ],
          [
            8.618198,
            46.722971,
            749.2
          ],
          [
            8.618233,
            46.723645,
            747.2
          ],
          [
            8.618236,
            46.723861,
            747.1
          ],
          [
            8.618388,
            46.724456,
            746.1
          ],
          [
            8.618709,
            46.724843,
            744.6
          ],
          [
            8.618915,
            46.724961,
            744.1
          ],
          [
            8.619384,
            46.725026,
            743.8
          ],
          [
            8.619749,
            46.725142,
            742.7
          ],
          [
            8.620027,
            46.725269,
            742.2
          ],
          [
            8.62022,
            46.72549,
            742.0
          ],
          [
            8.620244,
            46.725588,
            742.0
          ],
          [
            8.620333,
            46.725947,
            739.8
          ],
          [
            8.620375,
            46.726764,
            738.1
          ],
          [
            8.620934,
            46.727466,
            735.2
          ],
          [
            8.621844,
            46.727857,
            736.5
          ],
          [
            8.622686,
            46.728166,
            737.8
          ],
          [
            8.623264,
            46.728613,
            731.2
          ],
          [
            8.62337,
            46.7288,
            730.6
          ],
          [
            8.62348,
            46.729197,
            729.0
          ],
          [
            8.623755,
            46.72959,
            724.2
          ],
          [
            8.624265,
            46.730193,
            725.6
          ],
          [
            8.624752,
            46.730713,
            726.1
          ],
          [
            8.625242,
            46.730966,
            723.7
          ],
          [
            8.625965,
            46.731122,
            723.0
          ],
          [
            8.626284,
            46.73119,
            713.9
          ],
          [
            8.62725,
            46.731786,
            712.6
          ],
          [
            8.628808,
            46.732419,
            710.5
          ],
          [
            8.629684,
            46.733125,
            711.7
          ],
          [
            8.629961,
            46.733348,
            705.2
          ],
          [
            8.630851,
            46.734408,
            698.4
          ],
          [
            8.631725,
            46.735026,
            696.7
          ],
          [
            8.6325,
            46.735405,
            695.0
          ],
          [
            8.632831,
            46.735918,
            694.8
          ],
          [
            8.633265,
            46.736658,
            694.8
          ],
          [
            8.633705,
            46.737285,
            694.9
          ],
          [
            8.633872,
            46.737475,
            694.9
          ],
          [
            8.634823,
            46.738046,
            694.9
          ],
          [
            8.635535,
            46.73861,
            694.8
          ],
          [
            8.636402,
            46.739128,
            694.6
          ],
          [
            8.636718,
            46.739447,
            694.2
          ],
          [
            8.637459,
            46.739632,
            693.9
          ],
          [
            8.638481,
            46.739819,
            705.5
          ],
          [
            8.639113,
            46.740101,
            694.8
          ],
          [
            8.639363,
            46.740277,
            685.6
          ],
          [
            8.639507,
            46.740422,
            680.9
          ],
          [
            8.639557,
            46.740578,
            680.9
          ],
          [
            8.639483,
            46.740681,
            680.9
          ],
          [
            8.638928,
            46.741061,
            688.6
          ],
          [
            8.638876,
            46.74124,
            688.6
          ],
          [
            8.638997,
            46.741417,
            689.7
          ],
          [
            8.639379,
            46.741666,
            685.2
          ],
          [
            8.639551,
            46.741957,
            685.5
          ],
          [
            8.640033,
            46.742717,
            684.1
          ],
          [
            8.641343,
            46.743337,
            670.7
          ],
          [
            8.642102,
            46.743926,
            670.3
          ],
          [
            8.64321,
            46.744929,
            669.8
          ],
          [
            8.643761,
            46.745859,
            671.2
          ],
          [
            8.643845,
            46.745983,
            664.2
          ],
          [
            8.643925,
            46.746357,
            658.1
          ],
          [
            8.643859,
            46.746662,
            655.6
          ],
          [
            8.643628,
            46.746832,
            646.7
          ],
          [
            8.642953,
            46.747135,
            644.9
          ],
          [
            8.642651,
            46.747391,
            644.8
          ],
          [
            8.642537,
            46.747569,
            644.8
          ],
          [
            8.642423,
            46.747748,
            644.8
          ],
          [
            8.642492,
            46.747904,
            644.8
          ],
          [
            8.642777,
            46.748279,
            644.7
          ],
          [
            8.642969,
            46.748751,
            644.7
          ],
          [
            8.643003,
            46.749271,
            644.7
          ],
          [
            8.643204,
            46.749455,
            644.7
          ],
          [
            8.643555,
            46.749742,
            644.4
          ],
          [
            8.643896,
            46.749778,
            651.0
          ],
          [
            8.644167,
            46.749863,
            647.7
          ],
          [
            8.644328,
            46.750023,
            651.2
          ],
          [
            8.644491,
            46.750528,
            643.2
          ],
          [
            8.64466,
            46.750883,
            643.7
          ],
          [
            8.645159,
            46.751311,
            631.2
          ],
          [
            8.645224,
            46.751586,
            631.0
          ],
          [
            8.64523,
            46.751695,
            631.0
          ],
          [
            8.644729,
            46.752223,
            630.5
          ],
          [
            8.644652,
            46.752774,
            631.0
          ],
          [
            8.644683,
            46.753146,
            631.1
          ],
          [
            8.644546,
            46.753308,
            639.7
          ],
          [
            8.644539,
            46.753594,
            640.4
          ],
          [
            8.645011,
            46.753968,
            632.4
          ],
          [
            8.64578,
            46.754309,
            626.2
          ],
          [
            8.646905,
            46.75483,
            623.6
          ],
          [
            8.647093,
            46.755052,
            626.7
          ],
          [
            8.646832,
            46.755783,
            614.3
          ],
          [
            8.647043,
            46.756215,
            613.7
          ],
          [
            8.64756,
            46.757434,
            616.6
          ],
          [
            8.648244,
            46.758077,
            598.8
          ],
          [
            8.648703,
            46.758406,
            598.7
          ],
          [
            8.649244,
            46.758667,
            593.5
          ],
          [
            8.649848,
            46.759035,
            594.7
          ],
          [
            8.650522,
            46.759279,
            584.9
          ],
          [
            8.651143,
            46.759418,
            584.3
          ],
          [
            8.65141,
            46.759387,
            583.5
          ],
          [
            8.652262,
            46.759211,
            583.2
          ],
          [
            8.653066,
            46.759288,
            567.0
          ],
          [
            8.654227,
            46.759595,
            583.3
          ],
          [
            8.654749,
            46.759616,
            583.4
          ],
          [
            8.655605,
            46.759759,
            583.5
          ],
          [
            8.656331,
            46.760082,
            583.5
          ],
          [
            8.65658,
            46.760254,
            583.5
          ],
          [
            8.657055,
            46.760918,
            583.5
          ],
          [
            8.65766,
            46.761426,
            583.5
          ],
          [
            8.658293,
            46.761775,
            583.5
          ],
          [
            8.658801,
            46.762012,
            583.6
          ],
          [
            8.659959,
            46.762608,
            591.8
          ],
          [
            8.660544,
            46.763441,
            595.8
          ],
          [
            8.660508,
            46.763824,
            590.1
          ],
          [
            8.660433,
            46.764263,
            570.1
          ],
          [
            8.660446,
            46.764588,
            550.5
          ],
          [
            8.660548,
            46.764813,
            550.5
          ],
          [
            8.660672,
            46.764968,
            558.0
          ],
          [
            8.661299,
            46.765233,
            542.3
          ],
          [
            8.662078,
            46.765392,
            536.9
          ],
          [
            8.662442,
            46.765483,
            536.9
          ],
          [
            8.662764,
            46.765564,
            531.8
          ],
          [
            8.664214,
            46.765904,
            526.1
          ],
          [
            8.66508,
            46.766056,
            527.0
          ],
          [
            8.665694,
            46.766183,
            525.7
          ],
          [
            8.667763,
            46.766849,
            528.5
          ]
        ]
      }
    },
    {
      "type": "Feature",
      "properties": {
        "way_index": 8,
        "extra_fields": [
          [
            0.0
          ],
          [
            0.0
          ]
        ]
      },
      "geometry": {
        "type": "LineString",
        "coordinates": [
          [
            8.608339,
            46.712172,
            822.1
          ],
          [
            8.60864,
            46.712476,
            822.1
          ]
        ]
      }
    },
    {
      "type": "Feature",
      "properties": {
        "way_index": 9,
        "extra_fields": [
          [
            0.0
          ],
          [
            0.0
          ],
          [
            0.0
          ],
          [
            0.0
          ],
          [
            0.0
          ],
          [
            0.0
          ],
          [
            1.59
          ],
          [
            1.59
          ],
          [
            0.0
          ],
          [
            0.0
          ]
        ]
      },
      "geometry": {
        "type": "LineString",
        "coordinates": [
          [
            8.33755,
            47.338961,
            377.0
          ],
          [
            8.337043,
            47.340024,
            377.0
          ],
          [
            8.336548,
            47.341622,
            377.0
          ],
          [
            8.336966,
            47.343106,
            377.0
          ],
          [
            8.337918,
            47.344096,
            377.0
          ],
          [
            8.338831,
            47.344134,
            377.0
          ],
          [
            8.339713,
            47.343015,
            377.0
          ],
          [
            8.34075,
            47.341779,
            376.5
          ],
          [
            8.34116,
            47.341418,
            376.5
          ],
          [
            8.341476,
            47.341259,
            376.5
          ]
        ]
      }
    },
    {
      "type": "Feature",
      "properties": {
        "way_index": 10,
        "extra_fields": [
          [
            0.0
          ],
          [
            0.0
          ],
          [
            0.0
          ],
          [
            1.66
          ],
          [
            1.66
          ],
          [
            0.0
          ],
          [
            0.0
          ],
          [
            0.0
          ],
          [
            0.0
          ],
          [
            0.68
          ],
          [
            0.68
          ],
          [
            0.0
          ],
          [
            0.0
          ],
          [
            0.0
          ],
          [
            0.0
          ],
          [
            1.75
          ],
          [
            1.75
          ],
          [
            0.0
          ],
          [
            1.5
          ],
          [
            1.5
          ],
          [
            0.0
          ],
          [
            0.0
          ],
          [
            0.0
          ],
          [
            0.0
          ],
          [
            1.3
          ],
          [
            1.3
          ],
          [
            0.0
          ],
          [
            0.0
          ],
          [
            0.0
          ],
          [
            0.0
          ],
          [
            0.81
          ],
          [
            1.61
          ]
        ]
      },
      "geometry": {
        "type": "LineString",
        "coordinates": [
          [
            8.374977,
            47.303466,
            380.0
          ],
          [
            8.375088,
            47.303932,
            380.0
          ],
          [
            8.375392,
            47.304984,
            380.0
          ],
          [
            8.37589,
            47.307095,
            380.0
          ],
          [
            8.376168,
            47.30844,
            379.5
          ],
          [
            8.376901,
            47.310278,
            379.5
          ],
          [
            8.37767,
            47.312344,
            379.5
          ],
          [
            8.37767,
            47.313306,
            379.5
          ],
          [
            8.37746,
            47.313893,
            379.5
          ],
          [
            8.377166,
            47.314412,
            379.5
          ],
          [
            8.374337,
            47.317114,
            379.0
          ],
          [
            8.37366,
            47.317904,
            379.0
          ],
          [
            8.373283,
            47.318734,
            379.0
          ],
          [
            8.373674,
            47.320958,
            379.0
          ],
          [
            8.373701,
            47.322325,
            379.0
          ],
          [
            8.373132,
            47.323582,
            379.0
          ],
          [
            8.372033,
            47.324636,
            378.5
          ],
          [
            8.363846,
            47.329406,
            378.5
          ],
          [
            8.362784,
            47.32993,
            378.5
          ],
          [
            8.360639,
            47.330293,
            378.0
          ],
          [
            8.358735,
            47.330379,
            378.0
          ],
          [
            8.355838,
            47.33017,
            378.0
          ],
          [
            8.354739,
            47.330366,
            378.0
          ],
          [
            8.354149,
            47.33083,
            378.0
          ],
          [
            8.352609,
            47.332155,
            378.0
          ],
          [
            8.350387,
            47.333011,
            377.5
          ],
          [
            8.348798,
            47.33395,
            377.5
          ],
          [
            8.348119,
            47.334311,
            377.5
          ],
          [
            8.347618,
            47.334578,
            377.5
          ],
          [
            8.344876,
            47.336265,
            377.5
          ],
          [
            8.340913,
            47.337355,
            377.5
          ],
          [
            8.33755,
            47.338961,
            377.0
          ]
        ]
      }
    },
    {
      "type": "Feature",
      "properties": {
        "way_index": 11,
        "extra_fields": [
          [
            3.49
          ],
          [
            1.75
          ],
          [
            2.45
          ],
          [
            5.61
          ],
          [
            4.91
          ],
          [
            1.75
          ],
          [
            4.54
          ],
          [
            6.17
          ],
          [
            4.49
          ],
          [
            4.54
          ],
          [
            4.28
          ],
          [
            6.36
          ],
          [
            3.76
          ],
          [
            0.0
          ]
        ]
      },
      "geometry": {
        "type": "LineString",
        "coordinates": [
          [
            8.345858,
            47.344586,
            370.5
          ],
          [
            8.345645,
            47.345871,
            370.0
          ],
          [
            8.34562,
            47.346092,
            370.0
          ],
          [
            8.345072,
            47.347901,
            369.0
          ],
          [
            8.343892,
            47.349081,
            368.0
          ],
          [
            8.342446,
            47.349918,
            367.5
          ],
          [
            8.341758,
            47.350038,
            367.5
          ],
          [
            8.34104,
            47.350127,
            367.0
          ],
          [
            8.339021,
            47.350335,
            366.5
          ],
          [
            8.336852,
            47.350885,
            365.5
          ],
          [
            8.33514,
            47.351554,
            365.0
          ],
          [
            8.334227,
            47.352163,
            364.5
          ],
          [
            8.333712,
            47.352651,
            364.0
          ],
          [
            8.333466,
            47.353191,
            364.0
          ]
        ]
      }
    },
    {
      "type": "Feature",
      "properties": {
        "way_index": 12,
        "extra_fields": [
          [
            0.0
          ],
          [
            0.0
          ],
          [
            0.0
          ],
          [
            0.0
          ],
          [
            23.84
          ],
          [
            25.44
          ],
          [
            2.74
          ],
          [
            1.75
          ],
          [
            2.47
          ],
          [
            2.79
          ],
          [
            2.16
          ],
          [
            2.36
          ],
          [
            1.88
          ],
          [
            3.04
          ],
          [
            2.28
          ],
          [
            0.86
          ],
          [
            2.04
          ],
          [
            3.49
          ],
          [
            2.32
          ],
          [
            -7.03
          ],
          [
            -1.49
          ],
          [
            6.85
          ],
          [
            2.58
          ],
          [
            2.43
          ],
          [
            2.17
          ],
          [
            2.39
          ],
          [
            2.31
          ],
          [
            2.09
          ],
          [
            1.84
          ],
          [
            2.55
          ],
          [
            1.87
          ],
          [
            1.19
          ],
          [
            2.49
          ],
          [
            1.3
          ],
          [
            2.54
          ],
          [
            2.54
          ],
          [
            0.0
          ],
          [
            0.0
          ]
        ]
      },
      "geometry": {
        "type": "LineString",
        "coordinates": [
          [
            8.288649,
            47.067053,
            430.5
          ],
          [
            8.290607,
            47.068204,
            430.5
          ],
          [
            8.29682,
            47.071857,
            430.5
          ],
          [
            8.300698,
            47.07396,
            430.5
          ],
          [
            8.301979,
            47.07479,
            430.5
          ],
          [
            8.302431,
            47.075149,
            428.0
          ],
          [
            8.311471,
            47.080951,
            425.0
          ],
          [
            8.32042,
            47.085908,
            423.0
          ],
          [
            8.324398,
            47.088438,
            422.5
          ],
          [
            8.325501,
            47.089384,
            422.0
          ],
          [
            8.328155,
            47.091017,
            421.5
          ],
          [
            8.33249,
            47.093154,
            420.5
          ],
          [
            8.33455,
            47.094591,
            420.0
          ],
          [
            8.337242,
            47.09692,
            419.5
          ],
          [
            8.338244,
            47.097638,
            419.0
          ],
          [
            8.339261,
            47.098143,
            419.0
          ],
          [
            8.342436,
            47.099593,
            418.5
          ],
          [
            8.346996,
            47.101843,
            417.5
          ],
          [
            8.347741,
            47.102675,
            417.0
          ],
          [
            8.348609,
            47.103644,
            417.0
          ],
          [
            8.348809,
            47.10397,
            417.5
          ],
          [
            8.349547,
            47.10513,
            416.0
          ],
          [
            8.351236,
            47.108393,
            415.0
          ],
          [
            8.355305,
            47.112946,
            413.5
          ],
          [
            8.359096,
            47.115878,
            412.5
          ],
          [
            8.361811,
            47.117108,
            412.0
          ],
          [
            8.366383,
            47.11811,
            411.0
          ],
          [
            8.369908,
            47.118358,
            410.5
          ],
          [
            8.375604,
            47.118045,
            409.5
          ],
          [
            8.380335,
            47.117411,
            409.0
          ],
          [
            8.383847,
            47.117168,
            408.0
          ],
          [
            8.386494,
            47.117329,
            408.0
          ],
          [
            8.389015,
            47.118127,
            407.5
          ],
          [
            8.390863,
            47.11932,
            407.0
          ],
          [
            8.393634,
            47.121552,
            407.0
          ],
          [
            8.394426,
            47.122255,
            406.5
          ],
          [
            8.395006,
            47.122942,
            406.5
          ],
          [
            8.395698,
            47.123946,
            406.5
          ]
        ]
      }
    },
    {
      "type": "Feature",
      "properties": {
        "way_index": 13,
        "extra_fields": [
          [
            39.98
          ],
          [
            28.27
          ],
          [
            11.7
          ],
          [
            117.18
          ],
          [
            120.98
          ],
          [
            7.22
          ],
          [
            0.0
          ]
        ]
      },
      "geometry": {
        "type": "LineString",
        "coordinates": [
          [
            8.60864,
            46.712476,
            822.1
          ],
          [
            8.60916,
            46.71323,
            818.4
          ],
          [
            8.610548,
            46.714263,
            815.8
          ],
          [
            8.610654,
            46.714531,
            815.6
          ],
          [
            8.61073,
            46.714723,
            810.6
          ],
          [
            8.610816,
            46.71494,
            810.2
          ],
          [
            8.610764,
            46.715046,
            810.2
          ]
        ]
      }
    },
    {
      "type": "Feature",
      "properties": {
        "way_index": 14,
        "extra_fields": [
          [
            0.0
          ],
          [
            0.0
          ],
          [
            0.0
          ],
          [
            0.0
          ],
          [
            0.0
          ],
          [
            0.0
          ],
          [
            0.0
          ],
          [
            0.0
          ],
          [
            0.0
          ],
          [
            0.0
          ],
          [
            0.0
          ],
          [
            0.0
          ],
          [
            0.0
          ],
          [
            0.0
          ],
          [
            0.0
          ],
          [
            0.0
          ],
          [
            0.0
          ],
          [
            0.0
          ],
          [
            0.0
          ],
          [
            0.0
          ],
          [
            0.0
          ],
          [
            0.0
          ],
          [
            0.0
          ]
        ]
      },
      "geometry": {
        "type": "LineString",
        "coordinates": [
          [
            8.613181,
            46.899428,
            433.5
          ],
          [
            8.60545,
            46.917675,
            433.5
          ],
          [
            8.604356,
            46.921963,
            433.5
          ],
          [
            8.601615,
            46.932701,
            433.5
          ],
          [
            8.603028,
            46.95282,
            433.5
          ],
          [
            8.603835,
            46.976375,
            433.5
          ],
          [
            8.602221,
            46.986703,
            433.5
          ],
          [
            8.591119,
            46.991247,
            433.5
          ],
          [
            8.578403,
            46.991384,
            433.5
          ],
          [
            8.543888,
            46.98271,
            433.5
          ],
          [
            8.513814,
            46.98271,
            433.5
          ],
          [
            8.49484,
            46.98271,
            433.5
          ],
          [
            8.476271,
            46.989594,
            433.5
          ],
          [
            8.46961,
            46.994138,
            433.5
          ],
          [
            8.46739,
            47.00226,
            433.5
          ],
          [
            8.466179,
            47.005701,
            433.5
          ],
          [
            8.437063,
            47.013097,
            433.5
          ],
          [
            8.380544,
            47.017379,
            433.5
          ],
          [
            8.350164,
            47.031951,
            433.5
          ],
          [
            8.330588,
            47.047005,
            433.5
          ],
          [
            8.329611,
            47.047756,
            433.5
          ],
          [
            8.313697,
            47.052618,
            433.5
          ],
          [
            8.309256,
            47.051866,
            433.5
          ]
        ]
      }
    },
    {
      "type": "Feature",
      "properties": {
        "way_index": 15,
        "extra_fields": [
          [
            0.0
          ],
          [
            3.09
          ],
          [
            3.09
          ],
          [
            0.0
          ],
          [
            1.63
          ],
          [
            1.63
          ],
          [
            0.0
          ],
          [
            0.0
          ],
          [
            0.0
          ],
          [
            0.0
          ],
          [
            0.0
          ],
          [
            0.0
          ],
          [
            0.0
          ],
          [
            1.32
          ],
          [
            1.32
          ],
          [
            0.0
          ],
          [
            0.0
          ],
          [
            0.0
          ],
          [
            0.0
          ],
          [
            0.0
          ],
          [
            0.0
          ],
          [
            0.0
          ]
        ]
      },
      "geometry": {
        "type": "LineString",
        "coordinates": [
          [
            8.283291,
            47.410626,
            345.0
          ],
          [
            8.281941,
            47.411679,
            345.0
          ],
          [
            8.2814,
            47.412312,
            344.5
          ],
          [
            8.281126,
            47.412527,
            344.5
          ],
          [
            8.279544,
            47.413696,
            344.5
          ],
          [
            8.278174,
            47.414723,
            344.0
          ],
          [
            8.277489,
            47.415865,
            344.0
          ],
          [
            8.276994,
            47.417082,
            344.0
          ],
          [
            8.27589,
            47.418186,
            344.0
          ],
          [
            8.275769,
            47.418259,
            344.0
          ],
          [
            8.274995,
            47.418615,
            344.0
          ],
          [
            8.274313,
            47.418973,
            344.0
          ],
          [
            8.272542,
            47.420051,
            344.0
          ],
          [
            8.27229,
            47.42017,
            344.0
          ],
          [
            8.270221,
            47.421154,
            343.5
          ],
          [
            8.268052,
            47.422068,
            343.5
          ],
          [
            8.266986,
            47.422296,
            343.5
          ],
          [
            8.265806,
            47.42222,
            343.5
          ],
          [
            8.264893,
            47.422068,
            343.5
          ],
          [
            8.264056,
            47.422068,
            343.5
          ],
          [
            8.263275,
            47.422124,
            343.5
          ],
          [
            8.262753,
            47.422299,
            343.5
          ]
        ]
      }
    },
    {
      "type": "Feature",
      "properties": {
        "way_index": 16,
        "extra_fields": [
          [
            7.08
          ],
          [
            3.54
          ],
          [
            0.0
          ],
          [
            4.32
          ],
          [
            4.32
          ],
          [
            0.0
          ],
          [
            0.0
          ],
          [
            2.65
          ],
          [
            2.65
          ],
          [
            1.38
          ],
          [
            1.38
          ],
          [
            0.0
          ],
          [
            0.0
          ],
          [
            1.96
          ],
          [
            1.96
          ],
          [
            0.0
          ],
          [
            3.24
          ],
          [
            3.24
          ],
          [
            0.0
          ],
          [
            0.0
          ],
          [
            0.0
          ],
          [
            6.52
          ],
          [
            6.52
          ],
          [
            1.19
          ],
          [
            2.38
          ]
        ]
      },
      "geometry": {
        "type": "LineString",
        "coordinates": [
          [
            8.333466,
            47.353191,
            364.0
          ],
          [
            8.333199,
            47.353803,
            363.5
          ],
          [
            8.333199,
            47.354447,
            363.5
          ],
          [
            8.333315,
            47.354955,
            363.5
          ],
          [
            8.333618,
            47.355436,
            363.0
          ],
          [
            8.33382,
            47.355736,
            363.0
          ],
          [
            8.334107,
            47.356026,
            363.0
          ],
          [
            8.335292,
            47.356615,
            363.0
          ],
          [
            8.33651,
            47.356806,
            362.5
          ],
          [
            8.33807,
            47.356578,
            362.5
          ],
          [
            8.340316,
            47.355983,
            362.0
          ],
          [
            8.340481,
            47.355865,
            362.0
          ],
          [
            8.340924,
            47.35555,
            362.0
          ],
          [
            8.341799,
            47.355017,
            362.0
          ],
          [
            8.342721,
            47.354047,
            361.5
          ],
          [
            8.343309,
            47.353255,
            361.5
          ],
          [
            8.344046,
            47.352674,
            361.5
          ],
          [
            8.345021,
            47.35246,
            361.0
          ],
          [
            8.346097,
            47.352588,
            361.0
          ],
          [
            8.346822,
            47.353062,
            361.0
          ],
          [
            8.347241,
            47.353724,
            361.0
          ],
          [
            8.347194,
            47.354291,
            361.0
          ],
          [
            8.347165,
            47.354637,
            360.5
          ],
          [
            8.346622,
            47.355883,
            360.5
          ],
          [
            8.345609,
            47.357654,
            360.0
          ]
        ]
      }
    },
    {
      "type": "Feature",
      "properties": {
        "way_index": 17,
        "extra_fields": [
          [
            15.18
          ],
          [
            15.18
          ]
        ]
      },
      "geometry": {
        "type": "LineString",
        "coordinates": [
          [
            8.590491,
            46.666566,
            1082.6
          ],
          [
            8.591054,
            46.66737,
            1081.1
          ]
        ]
      }
    },
    {
      "type": "Feature",
      "properties": {
        "way_index": 18,
        "extra_fields": [
          [
            0.0
          ],
          [
            0.0
          ]
        ]
      },
      "geometry": {
        "type": "LineString",
        "coordinates": [
          [
            8.591054,
            46.66737,
            1081.1
          ],
          [
            8.591165,
            46.667507,
            1081.1
          ]
        ]
      }
    },
    {
      "type": "Feature",
      "properties": {
        "way_index": 19,
        "extra_fields": [
          [
            171.43
          ],
          [
            85.71
          ],
          [
            0.0
          ]
        ]
      },
      "geometry": {
        "type": "LineString",
        "coordinates": [
          [
            8.592207,
            46.667473,
            1081.5
          ],
          [
            8.592367,
            46.667515,
            1079.2
          ],
          [
            8.592529,
            46.667563,
            1079.2
          ]
        ]
      }
    },
    {
      "type": "Feature",
      "properties": {
        "way_index": 20,
        "extra_fields": [
          [
            82.16
          ],
          [
            20.62
          ],
          [
            -17.34
          ],
          [
            6.24
          ]
        ]
      },
      "geometry": {
        "type": "LineString",
        "coordinates": [
          [
            8.591247,
            46.667494,
            1081.1
          ],
          [
            8.591439,
            46.667473,
            1079.9
          ],
          [
            8.591977,
            46.667465,
            1081.6
          ],
          [
            8.592207,
            46.667473,
            1081.5
          ]
        ]
      }
    },
    {
      "type": "Feature",
      "properties": {
        "way_index": 21,
        "extra_fields": [
          [
            0.0
          ],
          [
            0.0
          ]
        ]
      },
      "geometry": {
        "type": "LineString",
        "coordinates": [
          [
            8.591165,
            46.667507,
            1081.1
          ],
          [
            8.591247,
            46.667494,
            1081.1
          ]
        ]
      }
    },
    {
      "type": "Feature",
      "properties": {
        "way_index": 22,
        "extra_fields": [
          [
            88.56
          ],
          [
            110.08
          ],
          [
            64.84
          ],
          [
            42.64
          ],
          [
            95.28
          ],
          [
            103.36
          ]
        ]
      },
      "geometry": {
        "type": "LineString",
        "coordinates": [
          [
            8.588836,
            46.663717,
            1116.1
          ],
          [
            8.58895,
            46.66386,
            1114.4
          ],
          [
            8.589624,
            46.66482,
            1098.9
          ],
          [
            8.589802,
            46.665074,
            1099.0
          ],
          [
            8.590058,
            46.666073,
            1089.2
          ],
          [
            8.590491,
            46.666566,
            1082.6
          ]
        ]
      }
    },
    {
      "type": "Feature",
      "properties": {
        "way_index": 23,
        "extra_fields": [
          [
            312.76
          ],
          [
            312.76
          ]
        ]
      },
      "geometry": {
        "type": "LineString",
        "coordinates": [
          [
            8.588429,
            46.663368,
            1131.6
          ],
          [
            8.588836,
            46.663717,
            1116.1
          ]
        ]
      }
    },
    {
      "type": "Feature",
      "properties": {
        "way_index": 24,
        "extra_fields": [
          [
            0.0
          ],
          [
            -8.67
          ],
          [
            0.8
          ],
          [
            11.16
          ],
          [
            1.7
          ],
          [
            1.12
          ],
          [
            1.12
          ],
          [
            0.96
          ],
          [
            2.24
          ],
          [
            2.57
          ]
        ]
      },
      "geometry": {
        "type": "LineString",
        "coordinates": [
          [
            8.632711,
            46.863515,
            445.0
          ],
          [
            8.632328,
            46.864108,
            445.0
          ],
          [
            8.631377,
            46.865767,
            448.4
          ],
          [
            8.629998,
            46.868175,
            443.0
          ],
          [
            8.624271,
            46.878084,
            439.0
          ],
          [
            8.624206,
            46.878197,
            439.0
          ],
          [
            8.613516,
            46.89699,
            434.0
          ],
          [
            8.613336,
            46.897543,
            434.0
          ],
          [
            8.613395,
            46.898061,
            433.9
          ],
          [
            8.613181,
            46.899428,
            433.5
          ]
        ]
      }
    },
    {
      "type": "Feature",
      "properties": {
        "way_index": 25,
        "extra_fields": [
          [
            0.0
          ],
          [
            0.0
          ]
        ]
      },
      "geometry": {
        "type": "LineString",
        "coordinates": [
          [
            8.286271,
            47.065785,
            430.5
          ],
          [
            8.288649,
            47.067053,
            430.5
          ]
        ]
      }
    },
    {
      "type": "Feature",
      "properties": {
        "way_index": 26,
        "extra_fields": [
          [
            0.0
          ],
          [
            0.0
          ],
          [
            0.0
          ],
          [
            0.0
          ],
          [
            0.0
          ],
          [
            0.0
          ],
          [
            0.0
          ],
          [
            0.0
          ],
          [
            0.0
          ],
          [
            0.0
          ],
          [
            0.0
          ],
          [
            0.0
          ],
          [
            0.0
          ],
          [
            0.0
          ],
          [
            0.0
          ],
          [
            0.0
          ]
        ]
      },
      "geometry": {
        "type": "LineString",
        "coordinates": [
          [
            8.296715,
            47.054634,
            431.0
          ],
          [
            8.295872,
            47.054826,
            431.0
          ],
          [
            8.294579,
            47.055002,
            431.0
          ],
          [
            8.292139,
            47.055145,
            431.0
          ],
          [
            8.291193,
            47.055219,
            431.0
          ],
          [
            8.29058,
            47.055321,
            431.0
          ],
          [
            8.289938,
            47.055477,
            431.0
          ],
          [
            8.289346,
            47.055691,
            431.0
          ],
          [
            8.288793,
            47.055913,
            431.0
          ],
          [
            8.288337,
            47.056231,
            431.0
          ],
          [
            8.288123,
            47.056401,
            431.0
          ],
          [
            8.287877,
            47.056716,
            431.0
          ],
          [
            8.287672,
            47.057123,
            431.0
          ],
          [
            8.287451,
            47.057728,
            431.0
          ],
          [
            8.287243,
            47.058562,
            431.0
          ],
          [
            8.287053,
            47.05978,
            431.0
          ]
        ]
      }
    },
    {
      "type": "Feature",
      "properties": {
        "way_index": 27,
        "extra_fields": [
          [
            0.0
          ],
          [
            0.0
          ]
        ]
      },
      "geometry": {
        "type": "LineString",
        "coordinates": [
          [
            8.309256,
            47.051866,
            433.5
          ],
          [
            8.309109,
            47.051842,
            433.5
          ]
        ]
      }
    },
    {
      "type": "Feature",
      "properties": {
        "way_index": 28,
        "extra_fields": [
          [
            0.0
          ],
          [
            0.0
          ]
        ]
      },
      "geometry": {
        "type": "LineString",
        "coordinates": [
          [
            8.287053,
            47.05978,
            431.0
          ],
          [
            8.287035,
            47.059872,
            431.0
          ]
        ]
      }
    },
    {
      "type": "Feature",
      "properties": {
        "way_index": 29,
        "extra_fields": [
          [
            0.0
          ],
          [
            0.0
          ],
          [
            0.0
          ],
          [
            0.0
          ],
          [
            0.0
          ],
          [
            0.0
          ],
          [
            0.0
          ],
          [
            34.91
          ],
          [
            34.91
          ],
          [
            25.51
          ],
          [
            51.02
          ]
        ]
      },
      "geometry": {
        "type": "LineString",
        "coordinates": [
          [
            8.341476,
            47.341259,
            376.5
          ],
          [
            8.341753,
            47.341234,
            376.5
          ],
          [
            8.342287,
            47.341211,
            376.5
          ],
          [
            8.342854,
            47.341295,
            376.5
          ],
          [
            8.343879,
            47.34153,
            376.5
          ],
          [
            8.344911,
            47.341943,
            376.5
          ],
          [
            8.345645,
            47.342559,
            376.5
          ],
          [
            8.346093,
            47.34341,
            376.5
          ],
          [
            8.34609,
            47.343515,
            375.7
          ],
          [
            8.346085,
            47.343679,
            375.7
          ],
          [
            8.345858,
            47.344586,
            370.5
          ]
        ]
      }
    },
    {
      "type": "Feature",
      "properties": {
        "way_index": 30,
        "extra_fields": [
          [
            0.0
          ],
          [
            0.0
          ],
          [
            1.02
          ],
          [
            1.53
          ],
          [
            0.5
          ],
          [
            0.0
          ],
          [
            0.0
          ],
          [
            0.0
          ],
          [
            0.0
          ],
          [
            5.29
          ],
          [
            5.29
          ],
          [
            0.0
          ],
          [
            0.0
          ],
          [
            0.0
          ],
          [
            0.0
          ],
          [
            0.0
          ],
          [
            1.51
          ],
          [
            1.51
          ],
          [
            1.12
          ],
          [
            1.8
          ],
          [
            0.68
          ],
          [
            2.03
          ],
          [
            2.03
          ],
          [
            0.0
          ],
          [
            0.0
          ],
          [
            0.0
          ],
          [
            5.69
          ],
          [
            11.39
          ],
          [
            6.39
          ]
        ]
      },
      "geometry": {
        "type": "LineString",
        "coordinates": [
          [
            8.257608,
            47.448905,
            340.0
          ],
          [
            8.257588,
            47.449676,
            340.0
          ],
          [
            8.257009,
            47.450431,
            340.0
          ],
          [
            8.255131,
            47.45223,
            339.5
          ],
          [
            8.251151,
            47.455821,
            339.0
          ],
          [
            8.250373,
            47.456242,
            339.0
          ],
          [
            8.249059,
            47.456592,
            339.0
          ],
          [
            8.248769,
            47.456704,
            339.0
          ],
          [
            8.248496,
            47.45686,
            339.0
          ],
          [
            8.247455,
            47.457776,
            339.0
          ],
          [
            8.247004,
            47.458073,
            338.5
          ],
          [
            8.246666,
            47.458258,
            338.5
          ],
          [
            8.246277,
            47.458429,
            338.5
          ],
          [
            8.245947,
            47.458543,
            338.5
          ],
          [
            8.245613,
            47.458643,
            338.5
          ],
          [
            8.245376,
            47.458698,
            338.5
          ],
          [
            8.243462,
            47.45905,
            338.5
          ],
          [
            8.24134,
            47.459435,
            338.0
          ],
          [
            8.239805,
            47.459466,
            338.0
          ],
          [
            8.236845,
            47.459333,
            337.5
          ],
          [
            8.232037,
            47.458897,
            337.0
          ],
          [
            8.230873,
            47.458904,
            337.0
          ],
          [
            8.229243,
            47.458987,
            336.5
          ],
          [
            8.227918,
            47.4591,
            336.5
          ],
          [
            8.227547,
            47.459314,
            336.5
          ],
          [
            8.227225,
            47.459655,
            336.5
          ],
          [
            8.227059,
            47.460126,
            336.5
          ],
          [
            8.227049,
            47.460523,
            336.0
          ],
          [
            8.207,
            47.482,
            354.0
          ]
        ]
      }
    },
    {
      "type": "Feature",
      "properties": {
        "way_index": 31,
        "extra_fields": [
          [
            4.74
          ],
          [
            2.37
          ],
          [
            0.0
          ],
          [
            0.0
          ],
          [
            0.0
          ],
          [
            0.0
          ],
          [
            1.86
          ],
          [
            1.86
          ],
          [
            0.0
          ],
          [
            1.09
          ],
          [
            1.09
          ],
          [
            0.0
          ],
          [
            0.0
          ],
          [
            1.48
          ],
          [
            1.48
          ],
          [
            0.76
          ],
          [
            0.76
          ],
          [
            0.0
          ]
        ]
      },
      "geometry": {
        "type": "LineString",
        "coordinates": [
          [
            8.253529,
            47.430634,
            342.5
          ],
          [
            8.252159,
            47.430434,
            342.0
          ],
          [
            8.251097,
            47.430268,
            342.0
          ],
          [
            8.250155,
            47.430225,
            342.0
          ],
          [
            8.249488,
            47.430403,
            342.0
          ],
          [
            8.24851,
            47.430843,
            342.0
          ],
          [
            8.247843,
            47.432109,
            342.0
          ],
          [
            8.248003,
            47.433321,
            341.5
          ],
          [
            8.249212,
            47.43593,
            341.5
          ],
          [
            8.249273,
            47.436274,
            341.5
          ],
          [
            8.248729,
            47.438319,
            341.0
          ],
          [
            8.24933,
            47.439705,
            341.0
          ],
          [
            8.250751,
            47.440539,
            341.0
          ],
          [
            8.252805,
            47.441512,
            341.0
          ],
          [
            8.254305,
            47.442654,
            340.5
          ],
          [
            8.255619,
            47.444286,
            340.5
          ],
          [
            8.256582,
            47.447198,
            340.0
          ],
          [
            8.257608,
            47.448905,
            340.0
          ]
        ]
      }
    },
    {
      "type": "Feature",
      "properties": {
        "way_index": 32,
        "extra_fields": [
          [
            0.0
          ],
          [
            0.0
          ],
          [
            0.0
          ],
          [
            3.4
          ],
          [
            3.4
          ],
          [
            0.0
          ],
          [
            0.0
          ],
          [
            0.0
          ],
          [
            0.0
          ],
          [
            2.45
          ],
          [
            2.45
          ],
          [
            0.0
          ],
          [
            0.0
          ],
          [
            0.0
          ],
          [
            0.0
          ]
        ]
      },
      "geometry": {
        "type": "LineString",
        "coordinates": [
          [
            8.262753,
            47.422299,
            343.5
          ],
          [
            8.262561,
            47.422482,
            343.5
          ],
          [
            8.262416,
            47.422878,
            343.5
          ],
          [
            8.262764,
            47.424114,
            343.5
          ],
          [
            8.262523,
            47.424757,
            343.0
          ],
          [
            8.262063,
            47.425578,
            343.0
          ],
          [
            8.261879,
            47.426255,
            343.0
          ],
          [
            8.261867,
            47.427156,
            343.0
          ],
          [
            8.261695,
            47.427885,
            343.0
          ],
          [
            8.261043,
            47.428934,
            343.0
          ],
          [
            8.260054,
            47.429565,
            342.5
          ],
          [
            8.258881,
            47.429974,
            342.5
          ],
          [
            8.256836,
            47.430192,
            342.5
          ],
          [
            8.255077,
            47.430605,
            342.5
          ],
          [
            8.253529,
            47.430634,
            342.5
          ]
        ]
      }
    },
    {
      "type": "Feature",
      "properties": {
        "way_index": 33,
        "extra_fields": [
          [
            0.0
          ],
          [
            0.0
          ],
          [
            0.0
          ],
          [
            0.0
          ],
          [
            1.99
          ],
          [
            1.99
          ],
          [
            0.0
          ],
          [
            1.41
          ],
          [
            1.41
          ],
          [
            0.0
          ],
          [
            3.93
          ],
          [
            3.93
          ],
          [
            0.0
          ],
          [
            2.33
          ],
          [
            2.33
          ],
          [
            0.0
          ],
          [
            2.0
          ],
          [
            2.76
          ],
          [
            0.76
          ],
          [
            2.96
          ],
          [
            4.19
          ],
          [
            4.75
          ],
          [
            3.52
          ],
          [
            4.07
          ],
          [
            6.91
          ],
          [
            4.71
          ],
          [
            1.87
          ],
          [
            1.97
          ],
          [
            1.97
          ],
          [
            0.0
          ],
          [
            0.0
          ],
          [
            2.31
          ],
          [
            2.31
          ],
          [
            4.15
          ],
          [
            4.15
          ],
          [
            0.0
          ],
          [
            1.25
          ],
          [
            1.25
          ],
          [
            0.0
          ],
          [
            0.0
          ],
          [
            0.0
          ],
          [
            1.75
          ],
          [
            1.75
          ],
          [
            0.0
          ],
          [
            0.0
          ],
          [
            0.0
          ],
          [
            0.0
          ]
        ]
      },
      "geometry": {
        "type": "LineString",
        "coordinates": [
          [
            8.227049,
            47.460523,
            336.0
          ],
          [
            8.227153,
            47.460781,
            336.0
          ],
          [
            8.22733,
            47.460993,
            336.0
          ],
          [
            8.228328,
            47.461562,
            336.0
          ],
          [
            8.229748,
            47.462075,
            336.0
          ],
          [
            8.231107,
            47.462739,
            335.5
          ],
          [
            8.231458,
            47.463078,
            335.5
          ],
          [
            8.231901,
            47.463869,
            335.5
          ],
          [
            8.23299,
            47.465287,
            335.0
          ],
          [
            8.233094,
            47.466518,
            335.0
          ],
          [
            8.232692,
            47.467316,
            335.0
          ],
          [
            8.232225,
            47.467796,
            334.5
          ],
          [
            8.231997,
            47.468667,
            334.5
          ],
          [
            8.233078,
            47.470308,
            334.5
          ],
          [
            8.2331,
            47.471278,
            334.0
          ],
          [
            8.233078,
            47.471943,
            334.0
          ],
          [
            8.232837,
            47.472627,
            334.0
          ],
          [
            8.231855,
            47.473537,
            333.5
          ],
          [
            8.229688,
            47.47614,
            333.0
          ],
          [
            8.22818,
            47.477348,
            333.0
          ],
          [
            8.227365,
            47.477873,
            332.5
          ],
          [
            8.225064,
            47.478827,
            332.0
          ],
          [
            8.224502,
            47.479344,
            331.5
          ],
          [
            8.224457,
            47.480255,
            331.5
          ],
          [
            8.224928,
            47.480708,
            331.0
          ],
          [
            8.225879,
            47.481172,
            330.5
          ],
          [
            8.227655,
            47.48122,
            330.0
          ],
          [
            8.230053,
            47.480505,
            330.0
          ],
          [
            8.23163,
            47.480092,
            329.5
          ],
          [
            8.232322,
            47.480146,
            329.5
          ],
          [
            8.233384,
            47.480382,
            329.5
          ],
          [
            8.234258,
            47.480998,
            329.5
          ],
          [
            8.234634,
            47.481941,
            329.0
          ],
          [
            8.235691,
            47.483409,
            329.0
          ],
          [
            8.236007,
            47.483909,
            328.5
          ],
          [
            8.236839,
            47.484497,
            328.5
          ],
          [
            8.238083,
            47.485334,
            328.5
          ],
          [
            8.239902,
            47.486661,
            328.0
          ],
          [
            8.240261,
            47.487251,
            328.0
          ],
          [
            8.240468,
            47.487573,
            328.0
          ],
          [
            8.240298,
            47.487849,
            328.0
          ],
          [
            8.240079,
            47.488441,
            328.0
          ],
          [
            8.239141,
            47.489564,
            327.5
          ],
          [
            8.238507,
            47.49008,
            327.5
          ],
          [
            8.238016,
            47.490481,
            327.5
          ],
          [
            8.237317,
            47.491579,
            327.5
          ],
          [
            8.237032,
            47.492432,
            327.5
          ]
        ]
      }
    },
    {
      "type": "Feature",
      "properties": {
        "way_index": 34,
        "extra_fields": [
          [
            3.96
          ],
          [
            2.72
          ],
          [
            0.74
          ],
          [
            1.46
          ],
          [
            2.09
          ],
          [
            2.11
          ],
          [
            1.47
          ],
          [
            0.0
          ],
          [
            0.0
          ]
        ]
      },
      "geometry": {
        "type": "LineString",
        "coordinates": [
          [
            8.395698,
            47.123946,
            406.5
          ],
          [
            8.396349,
            47.124998,
            406.0
          ],
          [
            8.3972,
            47.127987,
            405.5
          ],
          [
            8.39803,
            47.130653,
            405.5
          ],
          [
            8.39874,
            47.132126,
            405.0
          ],
          [
            8.401348,
            47.135203,
            404.5
          ],
          [
            8.402905,
            47.136305,
            404.0
          ],
          [
            8.403884,
            47.136837,
            404.0
          ],
          [
            8.405294,
            47.137465,
            404.0
          ]
        ]
      }
    },
    {
      "type": "Feature",
      "properties": {
        "way_index": 35,
        "extra_fields": [
          [
            2.06
          ],
          [
            1.85
          ],
          [
            0.82
          ],
          [
            1.56
          ],
          [
            1.56
          ],
          [
            1.33
          ],
          [
            1.33
          ],
          [
            0.0
          ],
          [
            0.0
          ],
          [
            0.64
          ],
          [
            1.92
          ],
          [
            1.27
          ],
          [
            2.54
          ],
          [
            3.27
          ],
          [
            0.72
          ],
          [
            0.0
          ],
          [
            0.69
          ],
          [
            1.7
          ],
          [
            2.15
          ],
          [
            1.96
          ],
          [
            1.61
          ],
          [
            0.79
          ],
          [
            2.04
          ],
          [
            2.04
          ],
          [
            0.69
          ],
          [
            0.69
          ],
          [
            5.02
          ],
          [
            5.02
          ],
          [
            0.47
          ],
          [
            1.71
          ],
          [
            2.48
          ]
        ]
      },
      "geometry": {
        "type": "LineString",
        "coordinates": [
          [
            8.405294,
            47.137465,
            404.0
          ],
          [
            8.408232,
            47.138337,
            403.5
          ],
          [
            8.411471,
            47.139965,
            403.0
          ],
          [
            8.412773,
            47.141097,
            403.0
          ],
          [
            8.413852,
            47.142342,
            402.5
          ],
          [
            8.41453,
            47.143641,
            402.5
          ],
          [
            8.414909,
            47.145325,
            402.0
          ],
          [
            8.415005,
            47.146335,
            402.0
          ],
          [
            8.414798,
            47.147277,
            402.0
          ],
          [
            8.414676,
            47.147833,
            402.0
          ],
          [
            8.41294,
            47.151152,
            401.5
          ],
          [
            8.412057,
            47.152821,
            401.0
          ],
          [
            8.411925,
            47.153647,
            401.0
          ],
          [
            8.412054,
            47.154531,
            400.5
          ],
          [
            8.414404,
            47.157217,
            400.0
          ],
          [
            8.414872,
            47.15786,
            400.0
          ],
          [
            8.415389,
            47.158923,
            400.0
          ],
          [
            8.41539,
            47.162189,
            399.5
          ],
          [
            8.415267,
            47.16444,
            399.0
          ],
          [
            8.413936,
            47.168294,
            398.0
          ],
          [
            8.412848,
            47.170963,
            397.5
          ],
          [
            8.411632,
            47.173687,
            397.0
          ],
          [
            8.410739,
            47.174651,
            397.0
          ],
          [
            8.409557,
            47.175409,
            396.5
          ],
          [
            8.408167,
            47.175769,
            396.5
          ],
          [
            8.403459,
            47.176466,
            396.0
          ],
          [
            8.40266,
            47.176689,
            396.0
          ],
          [
            8.402174,
            47.176992,
            395.5
          ],
          [
            8.402156,
            47.177054,
            395.5
          ],
          [
            8.400768,
            47.181798,
            395.0
          ],
          [
            8.400279,
            47.183587,
            394.5
          ]
        ]
      }
    },
    {
      "type": "Feature",
      "properties": {
        "way_index": 36,
        "extra_fields": [
          [
            0.0
          ],
          [
            0.0
          ],
          [
            0.87
          ],
          [
            1.95
          ],
          [
            1.92
          ],
          [
            0.83
          ],
          [
            0.0
          ],
          [
            2.33
          ],
          [
            2.33
          ],
          [
            0.95
          ],
          [
            0.95
          ],
          [
            2.59
          ],
          [
            3.27
          ],
          [
            0.69
          ],
          [
            0.0
          ],
          [
            1.52
          ],
          [
            2.16
          ],
          [
            0.64
          ],
          [
            1.13
          ],
          [
            1.13
          ],
          [
            1.1
          ],
          [
            1.1
          ],
          [
            0.0
          ],
          [
            0.0
          ],
          [
            0.0
          ]
        ]
      },
      "geometry": {
        "type": "LineString",
        "coordinates": [
          [
            8.400279,
            47.183587,
            394.5
          ],
          [
            8.400243,
            47.184438,
            394.5
          ],
          [
            8.400396,
            47.18627,
            394.5
          ],
          [
            8.401075,
            47.188825,
            394.0
          ],
          [
            8.402297,
            47.190739,
            393.5
          ],
          [
            8.404438,
            47.19302,
            393.0
          ],
          [
            8.405157,
            47.194115,
            393.0
          ],
          [
            8.405392,
            47.194872,
            393.0
          ],
          [
            8.405416,
            47.195844,
            392.5
          ],
          [
            8.404936,
            47.196935,
            392.5
          ],
          [
            8.403578,
            47.199116,
            392.0
          ],
          [
            8.402214,
            47.201305,
            392.0
          ],
          [
            8.402103,
            47.202176,
            391.5
          ],
          [
            8.401687,
            47.205458,
            391.0
          ],
          [
            8.401365,
            47.206232,
            391.0
          ],
          [
            8.400669,
            47.207908,
            391.0
          ],
          [
            8.40041,
            47.209386,
            390.5
          ],
          [
            8.400934,
            47.212893,
            390.0
          ],
          [
            8.400984,
            47.213227,
            390.0
          ],
          [
            8.400814,
            47.215219,
            389.5
          ],
          [
            8.40002,
            47.216416,
            389.5
          ],
          [
            8.398057,
            47.21798,
            389.0
          ],
          [
            8.397078,
            47.218834,
            389.0
          ],
          [
            8.396575,
            47.219617,
            389.0
          ],
          [
            8.396479,
            47.219956,
            389.0
          ]
        ]
      }
    },
    {
      "type": "Feature",
      "properties": {
        "way_index": 37,
        "extra_fields": [
          [
            0.82
          ],
          [
            0.41
          ],
          [
            0.88
          ],
          [
            0.88
          ],
          [
            0.0
          ],
          [
            0.49
          ],
          [
            0.49
          ],
          [
            0.0
          ],
          [
            3.22
          ],
          [
            3.22
          ],
          [
            0.0
          ],
          [
            0.0
          ],
          [
            0.0
          ],
          [
            0.0
          ],
          [
            0.74
          ],
          [
            0.74
          ],
          [
            0.0
          ],
          [
            0.0
          ],
          [
            0.0
          ],
          [
            0.0
          ],
          [
            0.0
          ]
        ]
      },
      "geometry": {
        "type": "LineString",
        "coordinates": [
          [
            8.396479,
            47.219956,
            389.0
          ],
          [
            8.394861,
            47.225348,
            388.5
          ],
          [
            8.394884,
            47.226497,
            388.5
          ],
          [
            8.396004,
            47.228943,
            388.0
          ],
          [
            8.397015,
            47.230384,
            388.0
          ],
          [
            8.399809,
            47.232724,
            388.0
          ],
          [
            8.404723,
            47.235853,
            387.5
          ],
          [
            8.405525,
            47.236477,
            387.5
          ],
          [
            8.406029,
            47.237041,
            387.5
          ],
          [
            8.406423,
            47.237688,
            387.0
          ],
          [
            8.406523,
            47.238276,
            387.0
          ],
          [
            8.406507,
            47.238979,
            387.0
          ],
          [
            8.406435,
            47.239439,
            387.0
          ],
          [
            8.406591,
            47.240559,
            387.0
          ],
          [
            8.407334,
            47.241732,
            387.0
          ],
          [
            8.40996,
            47.244189,
            386.5
          ],
          [
            8.410509,
            47.244851,
            386.5
          ],
          [
            8.410776,
            47.245231,
            386.5
          ],
          [
            8.410947,
            47.245765,
            386.5
          ],
          [
            8.410897,
            47.247149,
            386.5
          ],
          [
            8.410295,
            47.248195,
            386.5
          ]
        ]
      }
    },
    {
      "type": "Feature",
      "properties": {
        "way_index": 38,
        "extra_fields": [
          [
            6.2
          ],
          [
            3.1
          ],
          [
            0.76
          ],
          [
            0.76
          ],
          [
            0.0
          ],
          [
            0.0
          ]
        ]
      },
      "geometry": {
        "type": "LineString",
        "coordinates": [
          [
            8.395011,
            47.278038,
            382.5
          ],
          [
            8.394545,
            47.278695,
            382.0
          ],
          [
            8.394077,
            47.279843,
            382.0
          ],
          [
            8.393261,
            47.282753,
            381.5
          ],
          [
            8.392205,
            47.285417,
            381.5
          ],
          [
            8.391628,
            47.286479,
            381.5
          ]
        ]
      }
    },
    {
      "type": "Feature",
      "properties": {
        "way_index": 39,
        "extra_fields": [
          [
            0.0
          ],
          [
            0.0
          ],
          [
            0.0
          ],
          [
            3.5
          ],
          [
            3.5
          ],
          [
            0.0
          ],
          [
            0.84
          ],
          [
            0.84
          ],
          [
            0.0
          ],
          [
            0.0
          ],
          [
            0.0
          ]
        ]
      },
      "geometry": {
        "type": "LineString",
        "coordinates": [
          [
            8.401421,
            47.268164,
            383.5
          ],
          [
            8.401965,
            47.269562,
            383.5
          ],
          [
            8.402458,
            47.270968,
            383.5
          ],
          [
            8.40246,
            47.271728,
            383.5
          ],
          [
            8.402353,
            47.27237,
            383.0
          ],
          [
            8.402108,
            47.272953,
            383.0
          ],
          [
            8.4013,
            47.273769,
            383.0
          ],
          [
            8.398287,
            47.275488,
            382.5
          ],
          [
            8.397339,
            47.276178,
            382.5
          ],
          [
            8.395886,
            47.277156,
            382.5
          ],
          [
            8.395011,
            47.278038,
            382.5
          ]
        ]
      }
    },
    {
      "type": "Feature",
      "properties": {
        "way_index": 40,
        "extra_fields": [
          [
            2.38
          ],
          [
            1.19
          ],
          [
            0.0
          ],
          [
            0.0
          ],
          [
            1.24
          ],
          [
            1.24
          ],
          [
            0.0
          ],
          [
            0.0
          ],
          [
            2.07
          ],
          [
            2.07
          ],
          [
            0.0
          ],
          [
            0.0
          ],
          [
            0.0
          ],
          [
            3.45
          ],
          [
            3.45
          ],
          [
            0.0
          ],
          [
            0.0
          ],
          [
            0.0
          ],
          [
            2.64
          ],
          [
            2.64
          ],
          [
            0.0
          ],
          [
            1.21
          ],
          [
            2.42
          ]
        ]
      },
      "geometry": {
        "type": "LineString",
        "coordinates": [
          [
            8.410295,
            47.248195,
            386.5
          ],
          [
            8.408701,
            47.249752,
            386.0
          ],
          [
            8.408112,
            47.250326,
            386.0
          ],
          [
            8.407507,
            47.250834,
            386.0
          ],
          [
            8.406114,
            47.251849,
            386.0
          ],
          [
            8.404203,
            47.253119,
            385.5
          ],
          [
            8.403392,
            47.253884,
            385.5
          ],
          [
            8.402946,
            47.254444,
            385.5
          ],
          [
            8.402586,
            47.255299,
            385.5
          ],
          [
            8.402655,
            47.256391,
            385.0
          ],
          [
            8.403237,
            47.257459,
            385.0
          ],
          [
            8.403851,
            47.258304,
            385.0
          ],
          [
            8.404179,
            47.258905,
            385.0
          ],
          [
            8.404473,
            47.259931,
            385.0
          ],
          [
            8.404457,
            47.260587,
            384.5
          ],
          [
            8.403906,
            47.261667,
            384.5
          ],
          [
            8.402858,
            47.262694,
            384.5
          ],
          [
            8.402074,
            47.26317,
            384.5
          ],
          [
            8.401432,
            47.263654,
            384.5
          ],
          [
            8.400782,
            47.264386,
            384.0
          ],
          [
            8.400568,
            47.265569,
            384.0
          ],
          [
            8.400736,
            47.266356,
            384.0
          ],
          [
            8.401421,
            47.268164,
            383.5
          ]
        ]
      }
    },
    {
      "type": "Feature",
      "properties": {
        "way_index": 41,
        "extra_fields": [
          [
            0.0
          ],
          [
            0.0
          ],
          [
            0.0
          ]
        ]
      },
      "geometry": {
        "type": "LineString",
        "coordinates": [
          [
            8.3753,
            47.301286,
            380.0
          ],
          [
            8.374967,
            47.302458,
            380.0
          ],
          [
            8.374977,
            47.303466,
            380.0
          ]
        ]
      }
    },
    {
      "type": "Feature",
      "properties": {
        "way_index": 42,
        "extra_fields": [
          [
            4.48
          ],
          [
            2.24
          ],
          [
            0.0
          ],
          [
            0.0
          ]
        ]
      },
      "geometry": {
        "type": "LineString",
        "coordinates": [
          [
            8.391628,
            47.286479,
            381.5
          ],
          [
            8.39106,
            47.287411,
            381.0
          ],
          [
            8.390328,
            47.288312,
            381.0
          ],
          [
            8.388621,
            47.290008,
            381.0
          ]
        ]
      }
    },
    {
      "type": "Feature",
      "properties": {
        "way_index": 43,
        "extra_fields": [
          [
            0.0
          ],
          [
            1.27
          ],
          [
            1.27
          ],
          [
            0.0
          ],
          [
            0.0
          ],
          [
            0.0
          ],
          [
            1.36
          ],
          [
            1.36
          ],
          [
            0.0
          ]
        ]
      },
      "geometry": {
        "type": "LineString",
        "coordinates": [
          [
            8.388621,
            47.290008,
            381.0
          ],
          [
            8.386009,
            47.292342,
            381.0
          ],
          [
            8.384292,
            47.293687,
            380.5
          ],
          [
            8.382848,
            47.294499,
            380.5
          ],
          [
            8.37938,
            47.296206,
            380.5
          ],
          [
            8.379332,
            47.29623,
            380.5
          ],
          [
            8.377225,
            47.297404,
            380.5
          ],
          [
            8.375975,
            47.298825,
            380.0
          ],
          [
            8.3753,
            47.301286,
            380.0
          ]
        ]
      }
    },
    {
      "type": "Feature",
      "properties": {
        "way_index": 44,
        "extra_fields": [
          [
            1.32
          ],
          [
            1.78
          ],
          [
            2.12
          ],
          [
            1.0
          ],
          [
            0.0
          ],
          [
            0.0
          ],
          [
            0.0
          ],
          [
            1.93
          ],
          [
            1.93
          ],
          [
            0.0
          ],
          [
            0.0
          ],
          [
            0.0
          ],
          [
            1.91
          ],
          [
            1.91
          ],
          [
            0.0
          ],
          [
            0.0
          ],
          [
            0.0
          ],
          [
            0.0
          ],
          [
            0.0
          ]
        ]
      },
      "geometry": {
        "type": "LineString",
        "coordinates": [
          [
            8.345609,
            47.357654,
            360.0
          ],
          [
            8.343644,
            47.360804,
            359.5
          ],
          [
            8.339503,
            47.363697,
            358.5
          ],
          [
            8.336499,
            47.364641,
            358.0
          ],
          [
            8.335318,
            47.365223,
            358.0
          ],
          [
            8.334589,
            47.366153,
            358.0
          ],
          [
            8.334396,
            47.366676,
            358.0
          ],
          [
            8.334396,
            47.367257,
            358.0
          ],
          [
            8.334825,
            47.368391,
            357.5
          ],
          [
            8.335426,
            47.370818,
            357.5
          ],
          [
            8.334739,
            47.371733,
            357.5
          ],
          [
            8.333559,
            47.372126,
            357.5
          ],
          [
            8.332121,
            47.372111,
            357.5
          ],
          [
            8.330684,
            47.371443,
            357.0
          ],
          [
            8.330126,
            47.370309,
            357.0
          ],
          [
            8.33019,
            47.369161,
            357.0
          ],
          [
            8.329783,
            47.368217,
            357.0
          ],
          [
            8.329203,
            47.367868,
            357.0
          ],
          [
            8.328402,
            47.367593,
            357.0
          ]
        ]
      }
    },
    {
      "type": "Feature",
      "properties": {
        "way_index": 45,
        "extra_fields": [
          [
            0.0
          ],
          [
            0.0
          ],
          [
            3.13
          ],
          [
            3.13
          ],
          [
            0.0
          ],
          [
            0.0
          ],
          [
            0.0
          ],
          [
            0.0
          ],
          [
            2.71
          ],
          [
            2.71
          ],
          [
            0.0
          ],
          [
            0.0
          ],
          [
            0.0
          ],
          [
            0.0
          ],
          [
            0.0
          ]
        ]
      },
      "geometry": {
        "type": "LineString",
        "coordinates": [
          [
            8.328402,
            47.367593,
            357.0
          ],
          [
            8.326634,
            47.367461,
            357.0
          ],
          [
            8.325899,
            47.367555,
            357.0
          ],
          [
            8.324997,
            47.367933,
            356.5
          ],
          [
            8.324579,
            47.368405,
            356.5
          ],
          [
            8.324311,
            47.369019,
            356.5
          ],
          [
            8.324161,
            47.371138,
            356.5
          ],
          [
            8.324461,
            47.372758,
            356.5
          ],
          [
            8.325137,
            47.373506,
            356.5
          ],
          [
            8.326027,
            47.37408,
            356.0
          ],
          [
            8.328195,
            47.374974,
            356.0
          ],
          [
            8.32871,
            47.375446,
            356.0
          ],
          [
            8.328774,
            47.376078,
            356.0
          ],
          [
            8.328634,
            47.376754,
            356.0
          ],
          [
            8.327969,
            47.377295,
            356.0
          ]
        ]
      }
    },
    {
      "type": "Feature",
      "properties": {
        "way_index": 46,
        "extra_fields": [
          [
            4.98
          ],
          [
            2.49
          ],
          [
            2.53
          ],
          [
            2.53
          ],
          [
            1.35
          ],
          [
            1.35
          ],
          [
            5.2
          ],
          [
            5.2
          ],
          [
            0.0
          ]
        ]
      },
      "geometry": {
        "type": "LineString",
        "coordinates": [
          [
            8.305997,
            47.378472,
            354.0
          ],
          [
            8.30561,
            47.37934,
            353.5
          ],
          [
            8.305578,
            47.380016,
            353.5
          ],
          [
            8.306115,
            47.38083,
            353.0
          ],
          [
            8.306823,
            47.381621,
            353.0
          ],
          [
            8.307874,
            47.383133,
            352.5
          ],
          [
            8.30811,
            47.383652,
            352.5
          ],
          [
            8.308022,
            47.384082,
            352.0
          ],
          [
            8.307894,
            47.384256,
            352.0
          ]
        ]
      }
    },
    {
      "type": "Feature",
      "properties": {
        "way_index": 47,
        "extra_fields": [
          [
            0.0
          ],
          [
            0.0
          ],
          [
            0.0
          ],
          [
            0.77
          ],
          [
            0.77
          ],
          [
            0.0
          ],
          [
            1.24
          ],
          [
            1.24
          ],
          [
            0.0
          ],
          [
            1.98
          ],
          [
            3.09
          ],
          [
            1.11
          ],
          [
            0.0
          ],
          [
            0.0
          ]
        ]
      },
      "geometry": {
        "type": "LineString",
        "coordinates": [
          [
            8.327969,
            47.377295,
            356.0
          ],
          [
            8.32717,
            47.377539,
            356.0
          ],
          [
            8.326054,
            47.377564,
            356.0
          ],
          [
            8.324804,
            47.377372,
            356.0
          ],
          [
            8.320985,
            47.376035,
            355.5
          ],
          [
            8.319858,
            47.375673,
            355.5
          ],
          [
            8.318002,
            47.375076,
            355.5
          ],
          [
            8.31532,
            47.375017,
            355.0
          ],
          [
            8.312187,
            47.375192,
            355.0
          ],
          [
            8.310589,
            47.375461,
            355.0
          ],
          [
            8.309097,
            47.375977,
            354.5
          ],
          [
            8.306608,
            47.37711,
            354.0
          ],
          [
            8.306168,
            47.377684,
            354.0
          ],
          [
            8.305997,
            47.378472,
            354.0
          ]
        ]
      }
    },
    {
      "type": "Feature",
      "properties": {
        "way_index": 48,
        "extra_fields": [
          [
            0.0
          ],
          [
            0.79
          ],
          [
            1.49
          ],
          [
            2.56
          ],
          [
            2.85
          ],
          [
            1.0
          ],
          [
            0.96
          ],
          [
            1.92
          ]
        ]
      },
      "geometry": {
        "type": "LineString",
        "coordinates": [
          [
            8.294822,
            47.399526,
            347.5
          ],
          [
            8.29339,
            47.400092,
            347.5
          ],
          [
            8.290236,
            47.401966,
            347.0
          ],
          [
            8.287597,
            47.404638,
            346.5
          ],
          [
            8.286749,
            47.405713,
            346.0
          ],
          [
            8.286138,
            47.407935,
            345.5
          ],
          [
            8.285591,
            47.408872,
            345.5
          ],
          [
            8.283291,
            47.410626,
            345.0
          ]
        ]
      }
    },
    {
      "type": "Feature",
      "properties": {
        "way_index": 49,
        "extra_fields": [
          [
            76.32
          ],
          [
            38.16
          ],
          [
            0.0
          ],
          [
            0.0
          ],
          [
            4.76
          ],
          [
            4.76
          ],
          [
            0.0
          ],
          [
            1.27
          ],
          [
            1.27
          ],
          [
            0.0
          ],
          [
            2.58
          ],
          [
            5.16
          ]
        ]
      },
      "geometry": {
        "type": "LineString",
        "coordinates": [
          [
            8.302696,
            47.394021,
            357.2
          ],
          [
            8.301265,
            47.393992,
            349.0
          ],
          [
            8.3003,
            47.394151,
            349.0
          ],
          [
            8.299793,
            47.394315,
            349.0
          ],
          [
            8.299253,
            47.394604,
            349.0
          ],
          [
            8.298755,
            47.394936,
            348.5
          ],
          [
            8.298379,
            47.395422,
            348.5
          ],
          [
            8.29824,
            47.395894,
            348.5
          ],
          [
            8.297982,
            47.397667,
            348.0
          ],
          [
            8.297135,
            47.398669,
            348.0
          ],
          [
            8.296019,
            47.399206,
            348.0
          ],
          [
            8.294822,
            47.399526,
            347.5
          ]
        ]
      }
    },
    {
      "type": "Feature",
      "properties": {
        "way_index": 50,
        "extra_fields": [
          [
            0.0
          ],
          [
            0.0
          ],
          [
            3.41
          ],
          [
            3.41
          ],
          [
            0.0
          ],
          [
            3.98
          ],
          [
            3.98
          ],
          [
            2.18
          ],
          [
            3.22
          ],
          [
            1.04
          ],
          [
            0.0
          ],
          [
            0.0
          ],
          [
            5.68
          ],
          [
            5.68
          ],
          [
            0.0
          ],
          [
            -26.11
          ],
          [
            -52.22
          ]
        ]
      },
      "geometry": {
        "type": "LineString",
        "coordinates": [
          [
            8.307894,
            47.384256,
            352.0
          ],
          [
            8.3073,
            47.38507,
            352.0
          ],
          [
            8.307155,
            47.385499,
            352.0
          ],
          [
            8.307356,
            47.386147,
            351.5
          ],
          [
            8.307491,
            47.386683,
            351.5
          ],
          [
            8.307413,
            47.387353,
            351.5
          ],
          [
            8.307322,
            47.387918,
            351.0
          ],
          [
            8.307196,
            47.388873,
            351.0
          ],
          [
            8.307145,
            47.38991,
            350.5
          ],
          [
            8.307209,
            47.392082,
            350.0
          ],
          [
            8.307198,
            47.392739,
            350.0
          ],
          [
            8.307035,
            47.393309,
            350.0
          ],
          [
            8.306871,
            47.393587,
            350.0
          ],
          [
            8.306458,
            47.393868,
            349.5
          ],
          [
            8.305554,
            47.394066,
            349.5
          ],
          [
            8.304656,
            47.394112,
            349.5
          ],
          [
            8.302696,
            47.394021,
            357.2
          ]
        ]
      }
    }
  ]
}